Date,Day,Type,Exercise,set_no,set_weight,reps,total_reps,exercise_volume,bodyweight,fees_yearly,Present
2026-02-01,sunday,H,H,1,,,0.0,0.0,,7500.0,H
2026-02-01,sunday,H,H,2,,,0.0,0.0,,7500.0,H
2026-02-01,sunday,H,H,3,,,0.0,0.0,,7500.0,H
2026-02-01,sunday,H,H,4,,,0.0,0.0,,7500.0,H
2026-02-01,sunday,H,H,1,,,0.0,0.0,,7500.0,H
2026-02-01,sunday,H,H,2,,,0.0,0.0,,7500.0,H
2026-02-01,sunday,H,H,3,,,0.0,0.0,,7500.0,H
2026-02-01,sunday,H,H,4,,,0.0,0.0,,7500.0,H
2026-02-01,sunday,H,H,1,,,0.0,0.0,,7500.0,H
2026-02-01,sunday,H,H,2,,,0.0,0.0,,7500.0,H
2026-02-01,sunday,H,H,3,,,0.0,0.0,,7500.0,H
2026-02-01,sunday,H,H,4,,,0.0,0.0,,7500.0,H
2026-02-01,sunday,H,H,1,,,0.0,0.0,,7500.0,H
2026-02-01,sunday,H,H,2,,,0.0,0.0,,7500.0,H
2026-02-01,sunday,H,H,3,,,0.0,0.0,,7500.0,H
2026-02-01,sunday,H,H,4,,,0.0,0.0,,7500.0,H
2026-02-02,monday,Back,Pullups,1,79.05,6.0,18.0,474.3,79.05,7500.0,Y
2026-02-02,monday,Back,Pullups,2,79.05,6.0,18.0,474.3,79.05,7500.0,Y
2026-02-02,monday,Back,Pullups,3,79.05,3.0,18.0,474.3,79.05,7500.0,Y
2026-02-02,monday,Back,Pullups,4,79.05,3.0,18.0,474.3,79.05,7500.0,Y
2026-02-02,monday,Back,Pullups,1,79.05,6.0,18.0,474.3,79.05,7500.0,Y
2026-02-02,monday,Back,Pullups,2,79.05,6.0,18.0,474.3,79.05,7500.0,Y
2026-02-02,monday,Back,Pullups,3,79.05,3.0,18.0,474.3,79.05,7500.0,Y
2026-02-02,monday,Back,Pullups,4,79.05,3.0,18.0,474.3,79.05,7500.0,Y
2026-02-02,monday,Back,Pullups,1,79.05,6.0,18.0,474.3,79.05,7500.0,Y
2026-02-02,monday,Back,Pullups,2,79.05,6.0,18.0,474.3,79.05,7500.0,Y
2026-02-02,monday,Back,Pullups,3,79.05,3.0,18.0,474.3,79.05,7500.0,Y
2026-02-02,monday,Back,Pullups,4,79.05,3.0,18.0,474.3,79.05,7500.0,Y
2026-02-02,monday,Back,Pullups,1,79.05,6.0,18.0,474.3,79.05,7500.0,Y
2026-02-02,monday,Back,Pullups,2,79.05,6.0,18.0,474.3,79.05,7500.0,Y
2026-02-02,monday,Back,Pullups,3,79.05,3.0,18.0,474.3,79.05,7500.0,Y
2026-02-02,monday,Back,Pullups,4,79.05,3.0,18.0,474.3,79.05,7500.0,Y
2026-02-02,monday ,Back,LatPullDowns,1,23.0,15.0,50.0,1780.0,79.05,7500.0,Y
2026-02-02,monday ,Back,LatPullDowns,2,36.0,15.0,50.0,1780.0,79.05,7500.0,Y
2026-02-02,monday ,Back,LatPullDowns,3,43.0,15.0,50.0,1780.0,79.05,7500.0,Y
2026-02-02,monday ,Back,LatPullDowns,4,50.0,5.0,50.0,1780.0,79.05,7500.0,Y
2026-02-02,monday ,Back,LatPullDowns,1,23.0,15.0,50.0,1780.0,79.05,7500.0,Y
2026-02-02,monday ,Back,LatPullDowns,2,36.0,15.0,50.0,1780.0,79.05,7500.0,Y
2026-02-02,monday ,Back,LatPullDowns,3,43.0,15.0,50.0,1780.0,79.05,7500.0,Y
2026-02-02,monday ,Back,LatPullDowns,4,50.0,5.0,50.0,1780.0,79.05,7500.0,Y
2026-02-02,monday ,Back,LatPullDowns,1,23.0,15.0,50.0,1780.0,79.05,7500.0,Y
2026-02-02,monday ,Back,LatPullDowns,2,36.0,15.0,50.0,1780.0,79.05,7500.0,Y
2026-02-02,monday ,Back,LatPullDowns,3,43.0,15.0,50.0,1780.0,79.05,7500.0,Y
2026-02-02,monday ,Back,LatPullDowns,4,50.0,5.0,50.0,1780.0,79.05,7500.0,Y
2026-02-02,monday ,Back,LatPullDowns,1,23.0,15.0,50.0,1780.0,79.05,7500.0,Y
2026-02-02,monday ,Back,LatPullDowns,2,36.0,15.0,50.0,1780.0,79.05,7500.0,Y
2026-02-02,monday ,Back,LatPullDowns,3,43.0,15.0,50.0,1780.0,79.05,7500.0,Y
2026-02-02,monday ,Back,LatPullDowns,4,50.0,5.0,50.0,1780.0,79.05,7500.0,Y
2026-02-02,monday,Back ,LatPullDowns shorter grip ,1,23.0,15.0,36.0,1227.0,79.05,7500.0,Y
2026-02-02,monday,Back ,LatPullDowns shorter grip ,2,36.0,8.0,36.0,1227.0,79.05,7500.0,Y
2026-02-02,monday,Back ,LatPullDowns shorter grip ,3,43.0,8.0,36.0,1227.0,79.05,7500.0,Y
2026-02-02,monday,Back ,LatPullDowns shorter grip ,4,50.0,5.0,36.0,1227.0,79.05,7500.0,Y
2026-02-02,monday,Back ,LatPullDowns shorter grip ,1,23.0,15.0,36.0,1227.0,79.05,7500.0,Y
2026-02-02,monday,Back ,LatPullDowns shorter grip ,2,36.0,8.0,36.0,1227.0,79.05,7500.0,Y
2026-02-02,monday,Back ,LatPullDowns shorter grip ,3,43.0,8.0,36.0,1227.0,79.05,7500.0,Y
2026-02-02,monday,Back ,LatPullDowns shorter grip ,4,50.0,5.0,36.0,1227.0,79.05,7500.0,Y
2026-02-02,monday,Back ,LatPullDowns shorter grip ,1,23.0,15.0,36.0,1227.0,79.05,7500.0,Y
2026-02-02,monday,Back ,LatPullDowns shorter grip ,2,36.0,8.0,36.0,1227.0,79.05,7500.0,Y
2026-02-02,monday,Back ,LatPullDowns shorter grip ,3,43.0,8.0,36.0,1227.0,79.05,7500.0,Y
2026-02-02,monday,Back ,LatPullDowns shorter grip ,4,50.0,5.0,36.0,1227.0,79.05,7500.0,Y
2026-02-02,monday,Back ,LatPullDowns shorter grip ,1,23.0,15.0,36.0,1227.0,79.05,7500.0,Y
2026-02-02,monday,Back ,LatPullDowns shorter grip ,2,36.0,8.0,36.0,1227.0,79.05,7500.0,Y
2026-02-02,monday,Back ,LatPullDowns shorter grip ,3,43.0,8.0,36.0,1227.0,79.05,7500.0,Y
2026-02-02,monday,Back ,LatPullDowns shorter grip ,4,50.0,5.0,36.0,1227.0,79.05,7500.0,Y
2026-02-02,monday ,Back,Seated Row,1,23.0,15.0,42.0,1282.0,79.05,7500.0,Y
2026-02-02,monday ,Back,Seated Row,2,29.0,10.0,42.0,1282.0,79.05,7500.0,Y
2026-02-02,monday ,Back,Seated Row,3,36.0,12.0,42.0,1282.0,79.05,7500.0,Y
2026-02-02,monday ,Back,Seated Row,4,43.0,5.0,42.0,1282.0,79.05,7500.0,Y
2026-02-02,monday ,Back,Seated Row,1,23.0,15.0,42.0,1282.0,79.05,7500.0,Y
2026-02-02,monday ,Back,Seated Row,2,29.0,10.0,42.0,1282.0,79.05,7500.0,Y
2026-02-02,monday ,Back,Seated Row,3,36.0,12.0,42.0,1282.0,79.05,7500.0,Y
2026-02-02,monday ,Back,Seated Row,4,43.0,5.0,42.0,1282.0,79.05,7500.0,Y
2026-02-02,monday ,Back,Seated Row,1,23.0,15.0,42.0,1282.0,79.05,7500.0,Y
2026-02-02,monday ,Back,Seated Row,2,29.0,10.0,42.0,1282.0,79.05,7500.0,Y
2026-02-02,monday ,Back,Seated Row,3,36.0,12.0,42.0,1282.0,79.05,7500.0,Y
2026-02-02,monday ,Back,Seated Row,4,43.0,5.0,42.0,1282.0,79.05,7500.0,Y
2026-02-02,monday ,Back,Seated Row,1,23.0,15.0,42.0,1282.0,79.05,7500.0,Y
2026-02-02,monday ,Back,Seated Row,2,29.0,10.0,42.0,1282.0,79.05,7500.0,Y
2026-02-02,monday ,Back,Seated Row,3,36.0,12.0,42.0,1282.0,79.05,7500.0,Y
2026-02-02,monday ,Back,Seated Row,4,43.0,5.0,42.0,1282.0,79.05,7500.0,Y
2026-02-02,monday,Back,Seated Row Machine ,1,7.5,12.0,42.0,315.0,79.05,7500.0,Y
2026-02-02,monday,Back,Seated Row Machine ,2,7.5,15.0,42.0,315.0,79.05,7500.0,Y
2026-02-02,monday,Back,Seated Row Machine ,3,7.5,15.0,42.0,315.0,79.05,7500.0,Y
2026-02-02,monday,Back,Seated Row Machine ,4,,,42.0,315.0,79.05,7500.0,Y
2026-02-02,monday,Back,Seated Row Machine ,1,7.5,12.0,42.0,315.0,79.05,7500.0,Y
2026-02-02,monday,Back,Seated Row Machine ,2,7.5,15.0,42.0,315.0,79.05,7500.0,Y
2026-02-02,monday,Back,Seated Row Machine ,3,7.5,15.0,42.0,315.0,79.05,7500.0,Y
2026-02-02,monday,Back,Seated Row Machine ,4,,,42.0,315.0,79.05,7500.0,Y
2026-02-02,monday,Back,Seated Row Machine ,1,7.5,12.0,42.0,315.0,79.05,7500.0,Y
2026-02-02,monday,Back,Seated Row Machine ,2,7.5,15.0,42.0,315.0,79.05,7500.0,Y
2026-02-02,monday,Back,Seated Row Machine ,3,7.5,15.0,42.0,315.0,79.05,7500.0,Y
2026-02-02,monday,Back,Seated Row Machine ,4,,,42.0,315.0,79.05,7500.0,Y
2026-02-02,monday,Back,Seated Row Machine ,1,7.5,12.0,42.0,315.0,79.05,7500.0,Y
2026-02-02,monday,Back,Seated Row Machine ,2,7.5,15.0,42.0,315.0,79.05,7500.0,Y
2026-02-02,monday,Back,Seated Row Machine ,3,7.5,15.0,42.0,315.0,79.05,7500.0,Y
2026-02-02,monday,Back,Seated Row Machine ,4,,,42.0,315.0,79.05,7500.0,Y
2026-02-02,monday,Back,LatPullDowns shortest grip ,1,,,0.0,0.0,79.05,7500.0,Y
2026-02-02,monday,Back,LatPullDowns shortest grip ,2,,,0.0,0.0,79.05,7500.0,Y
2026-02-02,monday,Back,LatPullDowns shortest grip ,3,,,0.0,0.0,79.05,7500.0,Y
2026-02-02,monday,Back,LatPullDowns shortest grip ,4,,,0.0,0.0,79.05,7500.0,Y
2026-02-02,monday,Back,LatPullDowns shortest grip ,1,,,0.0,0.0,79.05,7500.0,Y
2026-02-02,monday,Back,LatPullDowns shortest grip ,2,,,0.0,0.0,79.05,7500.0,Y
2026-02-02,monday,Back,LatPullDowns shortest grip ,3,,,0.0,0.0,79.05,7500.0,Y
2026-02-02,monday,Back,LatPullDowns shortest grip ,4,,,0.0,0.0,79.05,7500.0,Y
2026-02-02,monday,Back,LatPullDowns shortest grip ,1,,,0.0,0.0,79.05,7500.0,Y
2026-02-02,monday,Back,LatPullDowns shortest grip ,2,,,0.0,0.0,79.05,7500.0,Y
2026-02-02,monday,Back,LatPullDowns shortest grip ,3,,,0.0,0.0,79.05,7500.0,Y
2026-02-02,monday,Back,LatPullDowns shortest grip ,4,,,0.0,0.0,79.05,7500.0,Y
2026-02-02,monday,Back,LatPullDowns shortest grip ,1,,,0.0,0.0,79.05,7500.0,Y
2026-02-02,monday,Back,LatPullDowns shortest grip ,2,,,0.0,0.0,79.05,7500.0,Y
2026-02-02,monday,Back,LatPullDowns shortest grip ,3,,,0.0,0.0,79.05,7500.0,Y
2026-02-02,monday,Back,LatPullDowns shortest grip ,4,,,0.0,0.0,79.05,7500.0,Y
2026-02-02,monday,Back,Seated Row Shortest grip ,1,,,0.0,0.0,79.05,7500.0,Y
2026-02-02,monday,Back,Seated Row Shortest grip ,2,,,0.0,0.0,79.05,7500.0,Y
2026-02-02,monday,Back,Seated Row Shortest grip ,3,,,0.0,0.0,79.05,7500.0,Y
2026-02-02,monday,Back,Seated Row Shortest grip ,4,,,0.0,0.0,79.05,7500.0,Y
2026-02-02,monday,Back,Seated Row Shortest grip ,1,,,0.0,0.0,79.05,7500.0,Y
2026-02-02,monday,Back,Seated Row Shortest grip ,2,,,0.0,0.0,79.05,7500.0,Y
2026-02-02,monday,Back,Seated Row Shortest grip ,3,,,0.0,0.0,79.05,7500.0,Y
2026-02-02,monday,Back,Seated Row Shortest grip ,4,,,0.0,0.0,79.05,7500.0,Y
2026-02-02,monday,Back,Seated Row Shortest grip ,1,,,0.0,0.0,79.05,7500.0,Y
2026-02-02,monday,Back,Seated Row Shortest grip ,2,,,0.0,0.0,79.05,7500.0,Y
2026-02-02,monday,Back,Seated Row Shortest grip ,3,,,0.0,0.0,79.05,7500.0,Y
2026-02-02,monday,Back,Seated Row Shortest grip ,4,,,0.0,0.0,79.05,7500.0,Y
2026-02-02,monday,Back,Seated Row Shortest grip ,1,,,0.0,0.0,79.05,7500.0,Y
2026-02-02,monday,Back,Seated Row Shortest grip ,2,,,0.0,0.0,79.05,7500.0,Y
2026-02-02,monday,Back,Seated Row Shortest grip ,3,,,0.0,0.0,79.05,7500.0,Y
2026-02-02,monday,Back,Seated Row Shortest grip ,4,,,0.0,0.0,79.05,7500.0,Y
2026-02-02,monday ,Back,Bent Over Rows,1,79.05,15.0,45.0,1185.75,79.05,7500.0,Y
2026-02-02,monday ,Back,Bent Over Rows,2,79.05,15.0,45.0,1185.75,79.05,7500.0,Y
2026-02-02,monday ,Back,Bent Over Rows,3,79.05,15.0,45.0,1185.75,79.05,7500.0,Y
2026-02-02,monday ,Back,Bent Over Rows,4,79.05,,45.0,1185.75,79.05,7500.0,Y
2026-02-02,monday ,Back,Bent Over Rows,1,79.05,15.0,45.0,1185.75,79.05,7500.0,Y
2026-02-02,monday ,Back,Bent Over Rows,2,79.05,15.0,45.0,1185.75,79.05,7500.0,Y
2026-02-02,monday ,Back,Bent Over Rows,3,79.05,15.0,45.0,1185.75,79.05,7500.0,Y
2026-02-02,monday ,Back,Bent Over Rows,4,79.05,,45.0,1185.75,79.05,7500.0,Y
2026-02-02,monday ,Back,Bent Over Rows,1,79.05,15.0,45.0,1185.75,79.05,7500.0,Y
2026-02-02,monday ,Back,Bent Over Rows,2,79.05,15.0,45.0,1185.75,79.05,7500.0,Y
2026-02-02,monday ,Back,Bent Over Rows,3,79.05,15.0,45.0,1185.75,79.05,7500.0,Y
2026-02-02,monday ,Back,Bent Over Rows,4,79.05,,45.0,1185.75,79.05,7500.0,Y
2026-02-02,monday ,Back,Bent Over Rows,1,79.05,15.0,45.0,1185.75,79.05,7500.0,Y
2026-02-02,monday ,Back,Bent Over Rows,2,79.05,15.0,45.0,1185.75,79.05,7500.0,Y
2026-02-02,monday ,Back,Bent Over Rows,3,79.05,15.0,45.0,1185.75,79.05,7500.0,Y
2026-02-02,monday ,Back,Bent Over Rows,4,79.05,,45.0,1185.75,79.05,7500.0,Y
2026-02-02,monday ,Biceps ,Bicep Curl,1,23.0,15.0,40.0,920.0,79.05,7500.0,Y
2026-02-02,monday ,Biceps ,Bicep Curl,2,23.0,15.0,40.0,920.0,79.05,7500.0,Y
2026-02-02,monday ,Biceps ,Bicep Curl,3,23.0,10.0,40.0,920.0,79.05,7500.0,Y
2026-02-02,monday ,Biceps ,Bicep Curl,4,,,40.0,920.0,79.05,7500.0,Y
2026-02-02,monday ,Biceps ,Bicep Curl,1,23.0,15.0,40.0,920.0,79.05,7500.0,Y
2026-02-02,monday ,Biceps ,Bicep Curl,2,23.0,15.0,40.0,920.0,79.05,7500.0,Y
2026-02-02,monday ,Biceps ,Bicep Curl,3,23.0,10.0,40.0,920.0,79.05,7500.0,Y
2026-02-02,monday ,Biceps ,Bicep Curl,4,,,40.0,920.0,79.05,7500.0,Y
2026-02-02,monday ,Biceps ,Bicep Curl,1,23.0,15.0,40.0,920.0,79.05,7500.0,Y
2026-02-02,monday ,Biceps ,Bicep Curl,2,23.0,15.0,40.0,920.0,79.05,7500.0,Y
2026-02-02,monday ,Biceps ,Bicep Curl,3,23.0,10.0,40.0,920.0,79.05,7500.0,Y
2026-02-02,monday ,Biceps ,Bicep Curl,4,,,40.0,920.0,79.05,7500.0,Y
2026-02-02,monday ,Biceps ,Bicep Curl,1,23.0,15.0,40.0,920.0,79.05,7500.0,Y
2026-02-02,monday ,Biceps ,Bicep Curl,2,23.0,15.0,40.0,920.0,79.05,7500.0,Y
2026-02-02,monday ,Biceps ,Bicep Curl,3,23.0,10.0,40.0,920.0,79.05,7500.0,Y
2026-02-02,monday ,Biceps ,Bicep Curl,4,,,40.0,920.0,79.05,7500.0,Y
2026-02-02,monday,Biceps ,Hammer Curl,1,5.0,15.0,33.0,230.0,79.05,7500.0,Y
2026-02-02,monday,Biceps ,Hammer Curl,2,7.5,10.0,33.0,230.0,79.05,7500.0,Y
2026-02-02,monday,Biceps ,Hammer Curl,3,10.0,8.0,33.0,230.0,79.05,7500.0,Y
2026-02-02,monday,Biceps ,Hammer Curl,4,,,33.0,230.0,79.05,7500.0,Y
2026-02-02,monday,Biceps ,Hammer Curl,1,5.0,15.0,33.0,230.0,79.05,7500.0,Y
2026-02-02,monday,Biceps ,Hammer Curl,2,7.5,10.0,33.0,230.0,79.05,7500.0,Y
2026-02-02,monday,Biceps ,Hammer Curl,3,10.0,8.0,33.0,230.0,79.05,7500.0,Y
2026-02-02,monday,Biceps ,Hammer Curl,4,,,33.0,230.0,79.05,7500.0,Y
2026-02-02,monday,Biceps ,Hammer Curl,1,5.0,15.0,33.0,230.0,79.05,7500.0,Y
2026-02-02,monday,Biceps ,Hammer Curl,2,7.5,10.0,33.0,230.0,79.05,7500.0,Y
2026-02-02,monday,Biceps ,Hammer Curl,3,10.0,8.0,33.0,230.0,79.05,7500.0,Y
2026-02-02,monday,Biceps ,Hammer Curl,4,,,33.0,230.0,79.05,7500.0,Y
2026-02-02,monday,Biceps ,Hammer Curl,1,5.0,15.0,33.0,230.0,79.05,7500.0,Y
2026-02-02,monday,Biceps ,Hammer Curl,2,7.5,10.0,33.0,230.0,79.05,7500.0,Y
2026-02-02,monday,Biceps ,Hammer Curl,3,10.0,8.0,33.0,230.0,79.05,7500.0,Y
2026-02-02,monday,Biceps ,Hammer Curl,4,,,33.0,230.0,79.05,7500.0,Y
2026-02-02,monday,Biceps,Bicep Curl with bent bar,1,,,0.0,0.0,79.05,7500.0,Y
2026-02-02,monday,Biceps,Bicep Curl with bent bar,2,,,0.0,0.0,79.05,7500.0,Y
2026-02-02,monday,Biceps,Bicep Curl with bent bar,3,,,0.0,0.0,79.05,7500.0,Y
2026-02-02,monday,Biceps,Bicep Curl with bent bar,4,,,0.0,0.0,79.05,7500.0,Y
2026-02-02,monday,Biceps,Bicep Curl with bent bar,1,,,0.0,0.0,79.05,7500.0,Y
2026-02-02,monday,Biceps,Bicep Curl with bent bar,2,,,0.0,0.0,79.05,7500.0,Y
2026-02-02,monday,Biceps,Bicep Curl with bent bar,3,,,0.0,0.0,79.05,7500.0,Y
2026-02-02,monday,Biceps,Bicep Curl with bent bar,4,,,0.0,0.0,79.05,7500.0,Y
2026-02-02,monday,Biceps,Bicep Curl with bent bar,1,,,0.0,0.0,79.05,7500.0,Y
2026-02-02,monday,Biceps,Bicep Curl with bent bar,2,,,0.0,0.0,79.05,7500.0,Y
2026-02-02,monday,Biceps,Bicep Curl with bent bar,3,,,0.0,0.0,79.05,7500.0,Y
2026-02-02,monday,Biceps,Bicep Curl with bent bar,4,,,0.0,0.0,79.05,7500.0,Y
2026-02-02,monday,Biceps,Bicep Curl with bent bar,1,,,0.0,0.0,79.05,7500.0,Y
2026-02-02,monday,Biceps,Bicep Curl with bent bar,2,,,0.0,0.0,79.05,7500.0,Y
2026-02-02,monday,Biceps,Bicep Curl with bent bar,3,,,0.0,0.0,79.05,7500.0,Y
2026-02-02,monday,Biceps,Bicep Curl with bent bar,4,,,0.0,0.0,79.05,7500.0,Y
2026-02-02,monday ,Biceps,21 exercise ,1,4.5,21.0,63.0,428.4,79.05,7500.0,Y
2026-02-02,monday ,Biceps,21 exercise ,2,6.8,21.0,63.0,428.4,79.05,7500.0,Y
2026-02-02,monday ,Biceps,21 exercise ,3,9.1,21.0,63.0,428.4,79.05,7500.0,Y
2026-02-02,monday ,Biceps,21 exercise ,4,,,63.0,428.4,79.05,7500.0,Y
2026-02-02,monday ,Biceps,21 exercise ,1,4.5,21.0,63.0,428.4,79.05,7500.0,Y
2026-02-02,monday ,Biceps,21 exercise ,2,6.8,21.0,63.0,428.4,79.05,7500.0,Y
2026-02-02,monday ,Biceps,21 exercise ,3,9.1,21.0,63.0,428.4,79.05,7500.0,Y
2026-02-02,monday ,Biceps,21 exercise ,4,,,63.0,428.4,79.05,7500.0,Y
2026-02-02,monday ,Biceps,21 exercise ,1,4.5,21.0,63.0,428.4,79.05,7500.0,Y
2026-02-02,monday ,Biceps,21 exercise ,2,6.8,21.0,63.0,428.4,79.05,7500.0,Y
2026-02-02,monday ,Biceps,21 exercise ,3,9.1,21.0,63.0,428.4,79.05,7500.0,Y
2026-02-02,monday ,Biceps,21 exercise ,4,,,63.0,428.4,79.05,7500.0,Y
2026-02-02,monday ,Biceps,21 exercise ,1,4.5,21.0,63.0,428.4,79.05,7500.0,Y
2026-02-02,monday ,Biceps,21 exercise ,2,6.8,21.0,63.0,428.4,79.05,7500.0,Y
2026-02-02,monday ,Biceps,21 exercise ,3,9.1,21.0,63.0,428.4,79.05,7500.0,Y
2026-02-02,monday ,Biceps,21 exercise ,4,,,63.0,428.4,79.05,7500.0,Y
2026-02-02,monday,Back,Deadlift ,1,,,0.0,0.0,79.05,7500.0,Y
2026-02-02,monday,Back,Deadlift ,2,,,0.0,0.0,79.05,7500.0,Y
2026-02-02,monday,Back,Deadlift ,3,,,0.0,0.0,79.05,7500.0,Y
2026-02-02,monday,Back,Deadlift ,4,,,0.0,0.0,79.05,7500.0,Y
2026-02-02,monday,Back,Deadlift ,1,,,0.0,0.0,79.05,7500.0,Y
2026-02-02,monday,Back,Deadlift ,2,,,0.0,0.0,79.05,7500.0,Y
2026-02-02,monday,Back,Deadlift ,3,,,0.0,0.0,79.05,7500.0,Y
2026-02-02,monday,Back,Deadlift ,4,,,0.0,0.0,79.05,7500.0,Y
2026-02-02,monday,Back,Deadlift ,1,,,0.0,0.0,79.05,7500.0,Y
2026-02-02,monday,Back,Deadlift ,2,,,0.0,0.0,79.05,7500.0,Y
2026-02-02,monday,Back,Deadlift ,3,,,0.0,0.0,79.05,7500.0,Y
2026-02-02,monday,Back,Deadlift ,4,,,0.0,0.0,79.05,7500.0,Y
2026-02-02,monday,Back,Deadlift ,1,,,0.0,0.0,79.05,7500.0,Y
2026-02-02,monday,Back,Deadlift ,2,,,0.0,0.0,79.05,7500.0,Y
2026-02-02,monday,Back,Deadlift ,3,,,0.0,0.0,79.05,7500.0,Y
2026-02-02,monday,Back,Deadlift ,4,,,0.0,0.0,79.05,7500.0,Y
2026-02-02,monday ,Abs,Upper,1,,,0.0,0.0,79.05,7500.0,Y
2026-02-02,monday ,Abs,Upper,2,,,0.0,0.0,79.05,7500.0,Y
2026-02-02,monday ,Abs,Upper,3,,,0.0,0.0,79.05,7500.0,Y
2026-02-02,monday ,Abs,Upper,4,,,0.0,0.0,79.05,7500.0,Y
2026-02-02,monday ,Abs,Upper,1,,,0.0,0.0,79.05,7500.0,Y
2026-02-02,monday ,Abs,Upper,2,,,0.0,0.0,79.05,7500.0,Y
2026-02-02,monday ,Abs,Upper,3,,,0.0,0.0,79.05,7500.0,Y
2026-02-02,monday ,Abs,Upper,4,,,0.0,0.0,79.05,7500.0,Y
2026-02-02,monday ,Abs,Upper,1,,,0.0,0.0,79.05,7500.0,Y
2026-02-02,monday ,Abs,Upper,2,,,0.0,0.0,79.05,7500.0,Y
2026-02-02,monday ,Abs,Upper,3,,,0.0,0.0,79.05,7500.0,Y
2026-02-02,monday ,Abs,Upper,4,,,0.0,0.0,79.05,7500.0,Y
2026-02-02,monday ,Abs,Upper,1,,,0.0,0.0,79.05,7500.0,Y
2026-02-02,monday ,Abs,Upper,2,,,0.0,0.0,79.05,7500.0,Y
2026-02-02,monday ,Abs,Upper,3,,,0.0,0.0,79.05,7500.0,Y
2026-02-02,monday ,Abs,Upper,4,,,0.0,0.0,79.05,7500.0,Y
2026-02-02,monday ,Abs,Mid,1,,,0.0,0.0,79.05,7500.0,Y
2026-02-02,monday ,Abs,Mid,2,,,0.0,0.0,79.05,7500.0,Y
2026-02-02,monday ,Abs,Mid,3,,,0.0,0.0,79.05,7500.0,Y
2026-02-02,monday ,Abs,Mid,4,,,0.0,0.0,79.05,7500.0,Y
2026-02-02,monday ,Abs,Mid,1,,,0.0,0.0,79.05,7500.0,Y
2026-02-02,monday ,Abs,Mid,2,,,0.0,0.0,79.05,7500.0,Y
2026-02-02,monday ,Abs,Mid,3,,,0.0,0.0,79.05,7500.0,Y
2026-02-02,monday ,Abs,Mid,4,,,0.0,0.0,79.05,7500.0,Y
2026-02-02,monday ,Abs,Mid,1,,,0.0,0.0,79.05,7500.0,Y
2026-02-02,monday ,Abs,Mid,2,,,0.0,0.0,79.05,7500.0,Y
2026-02-02,monday ,Abs,Mid,3,,,0.0,0.0,79.05,7500.0,Y
2026-02-02,monday ,Abs,Mid,4,,,0.0,0.0,79.05,7500.0,Y
2026-02-02,monday ,Abs,Mid,1,,,0.0,0.0,79.05,7500.0,Y
2026-02-02,monday ,Abs,Mid,2,,,0.0,0.0,79.05,7500.0,Y
2026-02-02,monday ,Abs,Mid,3,,,0.0,0.0,79.05,7500.0,Y
2026-02-02,monday ,Abs,Mid,4,,,0.0,0.0,79.05,7500.0,Y
2026-02-02,monday ,Abs,Side,1,,,0.0,0.0,79.05,7500.0,Y
2026-02-02,monday ,Abs,Side,2,,,0.0,0.0,79.05,7500.0,Y
2026-02-02,monday ,Abs,Side,3,,,0.0,0.0,79.05,7500.0,Y
2026-02-02,monday ,Abs,Side,4,,,0.0,0.0,79.05,7500.0,Y
2026-02-02,monday ,Abs,Side,1,,,0.0,0.0,79.05,7500.0,Y
2026-02-02,monday ,Abs,Side,2,,,0.0,0.0,79.05,7500.0,Y
2026-02-02,monday ,Abs,Side,3,,,0.0,0.0,79.05,7500.0,Y
2026-02-02,monday ,Abs,Side,4,,,0.0,0.0,79.05,7500.0,Y
2026-02-02,monday ,Abs,Side,1,,,0.0,0.0,79.05,7500.0,Y
2026-02-02,monday ,Abs,Side,2,,,0.0,0.0,79.05,7500.0,Y
2026-02-02,monday ,Abs,Side,3,,,0.0,0.0,79.05,7500.0,Y
2026-02-02,monday ,Abs,Side,4,,,0.0,0.0,79.05,7500.0,Y
2026-02-02,monday ,Abs,Side,1,,,0.0,0.0,79.05,7500.0,Y
2026-02-02,monday ,Abs,Side,2,,,0.0,0.0,79.05,7500.0,Y
2026-02-02,monday ,Abs,Side,3,,,0.0,0.0,79.05,7500.0,Y
2026-02-02,monday ,Abs,Side,4,,,0.0,0.0,79.05,7500.0,Y
2026-02-02,monday ,Abs,Lower,1,,,0.0,0.0,79.05,7500.0,Y
2026-02-02,monday ,Abs,Lower,2,,,0.0,0.0,79.05,7500.0,Y
2026-02-02,monday ,Abs,Lower,3,,,0.0,0.0,79.05,7500.0,Y
2026-02-02,monday ,Abs,Lower,4,,,0.0,0.0,79.05,7500.0,Y
2026-02-02,monday ,Abs,Lower,1,,,0.0,0.0,79.05,7500.0,Y
2026-02-02,monday ,Abs,Lower,2,,,0.0,0.0,79.05,7500.0,Y
2026-02-02,monday ,Abs,Lower,3,,,0.0,0.0,79.05,7500.0,Y
2026-02-02,monday ,Abs,Lower,4,,,0.0,0.0,79.05,7500.0,Y
2026-02-02,monday ,Abs,Lower,1,,,0.0,0.0,79.05,7500.0,Y
2026-02-02,monday ,Abs,Lower,2,,,0.0,0.0,79.05,7500.0,Y
2026-02-02,monday ,Abs,Lower,3,,,0.0,0.0,79.05,7500.0,Y
2026-02-02,monday ,Abs,Lower,4,,,0.0,0.0,79.05,7500.0,Y
2026-02-02,monday ,Abs,Lower,1,,,0.0,0.0,79.05,7500.0,Y
2026-02-02,monday ,Abs,Lower,2,,,0.0,0.0,79.05,7500.0,Y
2026-02-02,monday ,Abs,Lower,3,,,0.0,0.0,79.05,7500.0,Y
2026-02-02,monday ,Abs,Lower,4,,,0.0,0.0,79.05,7500.0,Y
2026-02-03,tuesday,N,N,1,,,0.0,0.0,,7500.0,N
2026-02-03,tuesday,N,N,2,,,0.0,0.0,,7500.0,N
2026-02-03,tuesday,N,N,3,,,0.0,0.0,,7500.0,N
2026-02-03,tuesday,N,N,4,,,0.0,0.0,,7500.0,N
2026-02-03,tuesday,N,N,1,,,0.0,0.0,,7500.0,N
2026-02-03,tuesday,N,N,2,,,0.0,0.0,,7500.0,N
2026-02-03,tuesday,N,N,3,,,0.0,0.0,,7500.0,N
2026-02-03,tuesday,N,N,4,,,0.0,0.0,,7500.0,N
2026-02-03,tuesday,N,N,1,,,0.0,0.0,,7500.0,N
2026-02-03,tuesday,N,N,2,,,0.0,0.0,,7500.0,N
2026-02-03,tuesday,N,N,3,,,0.0,0.0,,7500.0,N
2026-02-03,tuesday,N,N,4,,,0.0,0.0,,7500.0,N
2026-02-03,tuesday,N,N,1,,,0.0,0.0,,7500.0,N
2026-02-03,tuesday,N,N,2,,,0.0,0.0,,7500.0,N
2026-02-03,tuesday,N,N,3,,,0.0,0.0,,7500.0,N
2026-02-03,tuesday,N,N,4,,,0.0,0.0,,7500.0,N
2026-02-04,wednesday ,Triceps ,Extension ,1,,20.0,75.0,0.0,,7500.0,Y
2026-02-04,wednesday ,Triceps ,Extension ,2,,20.0,75.0,0.0,,7500.0,Y
2026-02-04,wednesday ,Triceps ,Extension ,3,,20.0,75.0,0.0,,7500.0,Y
2026-02-04,wednesday ,Triceps ,Extension ,4,,15.0,75.0,0.0,,7500.0,Y
2026-02-04,wednesday ,Triceps ,Extension ,1,,20.0,75.0,0.0,,7500.0,Y
2026-02-04,wednesday ,Triceps ,Extension ,2,,20.0,75.0,0.0,,7500.0,Y
2026-02-04,wednesday ,Triceps ,Extension ,3,,20.0,75.0,0.0,,7500.0,Y
2026-02-04,wednesday ,Triceps ,Extension ,4,,15.0,75.0,0.0,,7500.0,Y
2026-02-04,wednesday ,Triceps ,Extension ,1,,20.0,75.0,0.0,,7500.0,Y
2026-02-04,wednesday ,Triceps ,Extension ,2,,20.0,75.0,0.0,,7500.0,Y
2026-02-04,wednesday ,Triceps ,Extension ,3,,20.0,75.0,0.0,,7500.0,Y
2026-02-04,wednesday ,Triceps ,Extension ,4,,15.0,75.0,0.0,,7500.0,Y
2026-02-04,wednesday ,Triceps ,Extension ,1,,20.0,75.0,0.0,,7500.0,Y
2026-02-04,wednesday ,Triceps ,Extension ,2,,20.0,75.0,0.0,,7500.0,Y
2026-02-04,wednesday ,Triceps ,Extension ,3,,20.0,75.0,0.0,,7500.0,Y
2026-02-04,wednesday ,Triceps ,Extension ,4,,15.0,75.0,0.0,,7500.0,Y
2026-02-05,thursday,N,N,1,,,0.0,0.0,,7500.0,N
2026-02-05,thursday,N,N,2,,,0.0,0.0,,7500.0,N
2026-02-05,thursday,N,N,3,,,0.0,0.0,,7500.0,N
2026-02-05,thursday,N,N,4,,,0.0,0.0,,7500.0,N
2026-02-05,thursday,N,N,1,,,0.0,0.0,,7500.0,N
2026-02-05,thursday,N,N,2,,,0.0,0.0,,7500.0,N
2026-02-05,thursday,N,N,3,,,0.0,0.0,,7500.0,N
2026-02-05,thursday,N,N,4,,,0.0,0.0,,7500.0,N
2026-02-05,thursday,N,N,1,,,0.0,0.0,,7500.0,N
2026-02-05,thursday,N,N,2,,,0.0,0.0,,7500.0,N
2026-02-05,thursday,N,N,3,,,0.0,0.0,,7500.0,N
2026-02-05,thursday,N,N,4,,,0.0,0.0,,7500.0,N
2026-02-05,thursday,N,N,1,,,0.0,0.0,,7500.0,N
2026-02-05,thursday,N,N,2,,,0.0,0.0,,7500.0,N
2026-02-05,thursday,N,N,3,,,0.0,0.0,,7500.0,N
2026-02-05,thursday,N,N,4,,,0.0,0.0,,7500.0,N
2026-02-04,wednesday ,Triceps ,Extension From Baxk,1,,20.0,60.0,0.0,,7500.0,Y
2026-02-04,wednesday ,Triceps ,Extension From Baxk,2,,20.0,60.0,0.0,,7500.0,Y
2026-02-04,wednesday ,Triceps ,Extension From Baxk,3,,10.0,60.0,0.0,,7500.0,Y
2026-02-04,wednesday ,Triceps ,Extension From Baxk,4,,10.0,60.0,0.0,,7500.0,Y
2026-02-04,wednesday ,Triceps ,Extension From Baxk,1,,20.0,60.0,0.0,,7500.0,Y
2026-02-04,wednesday ,Triceps ,Extension From Baxk,2,,20.0,60.0,0.0,,7500.0,Y
2026-02-04,wednesday ,Triceps ,Extension From Baxk,3,,10.0,60.0,0.0,,7500.0,Y
2026-02-04,wednesday ,Triceps ,Extension From Baxk,4,,10.0,60.0,0.0,,7500.0,Y
2026-02-04,wednesday ,Triceps ,Extension From Baxk,1,,20.0,60.0,0.0,,7500.0,Y
2026-02-04,wednesday ,Triceps ,Extension From Baxk,2,,20.0,60.0,0.0,,7500.0,Y
2026-02-04,wednesday ,Triceps ,Extension From Baxk,3,,10.0,60.0,0.0,,7500.0,Y
2026-02-04,wednesday ,Triceps ,Extension From Baxk,4,,10.0,60.0,0.0,,7500.0,Y
2026-02-04,wednesday ,Triceps ,Extension From Baxk,1,,20.0,60.0,0.0,,7500.0,Y
2026-02-04,wednesday ,Triceps ,Extension From Baxk,2,,20.0,60.0,0.0,,7500.0,Y
2026-02-04,wednesday ,Triceps ,Extension From Baxk,3,,10.0,60.0,0.0,,7500.0,Y
2026-02-04,wednesday ,Triceps ,Extension From Baxk,4,,10.0,60.0,0.0,,7500.0,Y
2026-02-04,wednesday ,Chest,Bench Press,1,,15.0,60.0,0.0,,7500.0,Y
2026-02-04,wednesday ,Chest,Bench Press,2,,20.0,60.0,0.0,,7500.0,Y
2026-02-04,wednesday ,Chest,Bench Press,3,,15.0,60.0,0.0,,7500.0,Y
2026-02-04,wednesday ,Chest,Bench Press,4,,10.0,60.0,0.0,,7500.0,Y
2026-02-04,wednesday ,Chest,Bench Press,1,,15.0,60.0,0.0,,7500.0,Y
2026-02-04,wednesday ,Chest,Bench Press,2,,20.0,60.0,0.0,,7500.0,Y
2026-02-04,wednesday ,Chest,Bench Press,3,,15.0,60.0,0.0,,7500.0,Y
2026-02-04,wednesday ,Chest,Bench Press,4,,10.0,60.0,0.0,,7500.0,Y
2026-02-04,wednesday ,Chest,Bench Press,1,,15.0,60.0,0.0,,7500.0,Y
2026-02-04,wednesday ,Chest,Bench Press,2,,20.0,60.0,0.0,,7500.0,Y
2026-02-04,wednesday ,Chest,Bench Press,3,,15.0,60.0,0.0,,7500.0,Y
2026-02-04,wednesday ,Chest,Bench Press,4,,10.0,60.0,0.0,,7500.0,Y
2026-02-04,wednesday ,Chest,Bench Press,1,,15.0,60.0,0.0,,7500.0,Y
2026-02-04,wednesday ,Chest,Bench Press,2,,20.0,60.0,0.0,,7500.0,Y
2026-02-04,wednesday ,Chest,Bench Press,3,,15.0,60.0,0.0,,7500.0,Y
2026-02-04,wednesday ,Chest,Bench Press,4,,10.0,60.0,0.0,,7500.0,Y
2026-02-04,wednesday ,Chest,Inclined Bench Press ,1,,10.0,36.0,0.0,,7500.0,Y
2026-02-04,wednesday ,Chest,Inclined Bench Press ,2,,10.0,36.0,0.0,,7500.0,Y
2026-02-04,wednesday ,Chest,Inclined Bench Press ,3,,8.0,36.0,0.0,,7500.0,Y
2026-02-04,wednesday ,Chest,Inclined Bench Press ,4,,8.0,36.0,0.0,,7500.0,Y
2026-02-04,wednesday ,Chest,Inclined Bench Press ,1,,10.0,36.0,0.0,,7500.0,Y
2026-02-04,wednesday ,Chest,Inclined Bench Press ,2,,10.0,36.0,0.0,,7500.0,Y
2026-02-04,wednesday ,Chest,Inclined Bench Press ,3,,8.0,36.0,0.0,,7500.0,Y
2026-02-04,wednesday ,Chest,Inclined Bench Press ,4,,8.0,36.0,0.0,,7500.0,Y
2026-02-04,wednesday ,Chest,Inclined Bench Press ,1,,10.0,36.0,0.0,,7500.0,Y
2026-02-04,wednesday ,Chest,Inclined Bench Press ,2,,10.0,36.0,0.0,,7500.0,Y
2026-02-04,wednesday ,Chest,Inclined Bench Press ,3,,8.0,36.0,0.0,,7500.0,Y
2026-02-04,wednesday ,Chest,Inclined Bench Press ,4,,8.0,36.0,0.0,,7500.0,Y
2026-02-04,wednesday ,Chest,Inclined Bench Press ,1,,10.0,36.0,0.0,,7500.0,Y
2026-02-04,wednesday ,Chest,Inclined Bench Press ,2,,10.0,36.0,0.0,,7500.0,Y
2026-02-04,wednesday ,Chest,Inclined Bench Press ,3,,8.0,36.0,0.0,,7500.0,Y
2026-02-04,wednesday ,Chest,Inclined Bench Press ,4,,8.0,36.0,0.0,,7500.0,Y
2026-02-04,wednesday ,Chest,Fly ,1,,15.0,48.0,0.0,,7500.0,Y
2026-02-04,wednesday ,Chest,Fly ,2,,15.0,48.0,0.0,,7500.0,Y
2026-02-04,wednesday ,Chest,Fly ,3,,10.0,48.0,0.0,,7500.0,Y
2026-02-04,wednesday ,Chest,Fly ,4,,8.0,48.0,0.0,,7500.0,Y
2026-02-04,wednesday ,Chest,Fly ,1,,15.0,48.0,0.0,,7500.0,Y
2026-02-04,wednesday ,Chest,Fly ,2,,15.0,48.0,0.0,,7500.0,Y
2026-02-04,wednesday ,Chest,Fly ,3,,10.0,48.0,0.0,,7500.0,Y
2026-02-04,wednesday ,Chest,Fly ,4,,8.0,48.0,0.0,,7500.0,Y
2026-02-04,wednesday ,Chest,Fly ,1,,15.0,48.0,0.0,,7500.0,Y
2026-02-04,wednesday ,Chest,Fly ,2,,15.0,48.0,0.0,,7500.0,Y
2026-02-04,wednesday ,Chest,Fly ,3,,10.0,48.0,0.0,,7500.0,Y
2026-02-04,wednesday ,Chest,Fly ,4,,8.0,48.0,0.0,,7500.0,Y
2026-02-04,wednesday ,Chest,Fly ,1,,15.0,48.0,0.0,,7500.0,Y
2026-02-04,wednesday ,Chest,Fly ,2,,15.0,48.0,0.0,,7500.0,Y
2026-02-04,wednesday ,Chest,Fly ,3,,10.0,48.0,0.0,,7500.0,Y
2026-02-04,wednesday ,Chest,Fly ,4,,8.0,48.0,0.0,,7500.0,Y
2026-02-04,wednesday ,Chest,Cable Fly - Lower Chest,1,,15.0,56.0,0.0,,7500.0,Y
2026-02-04,wednesday ,Chest,Cable Fly - Lower Chest,2,,15.0,56.0,0.0,,7500.0,Y
2026-02-04,wednesday ,Chest,Cable Fly - Lower Chest,3,,15.0,56.0,0.0,,7500.0,Y
2026-02-04,wednesday ,Chest,Cable Fly - Lower Chest,4,,11.0,56.0,0.0,,7500.0,Y
2026-02-04,wednesday ,Chest,Cable Fly - Lower Chest,1,,15.0,56.0,0.0,,7500.0,Y
2026-02-04,wednesday ,Chest,Cable Fly - Lower Chest,2,,15.0,56.0,0.0,,7500.0,Y
2026-02-04,wednesday ,Chest,Cable Fly - Lower Chest,3,,15.0,56.0,0.0,,7500.0,Y
2026-02-04,wednesday ,Chest,Cable Fly - Lower Chest,4,,11.0,56.0,0.0,,7500.0,Y
2026-02-04,wednesday ,Chest,Cable Fly - Lower Chest,1,,15.0,56.0,0.0,,7500.0,Y
2026-02-04,wednesday ,Chest,Cable Fly - Lower Chest,2,,15.0,56.0,0.0,,7500.0,Y
2026-02-04,wednesday ,Chest,Cable Fly - Lower Chest,3,,15.0,56.0,0.0,,7500.0,Y
2026-02-04,wednesday ,Chest,Cable Fly - Lower Chest,4,,11.0,56.0,0.0,,7500.0,Y
2026-02-04,wednesday ,Chest,Cable Fly - Lower Chest,1,,15.0,56.0,0.0,,7500.0,Y
2026-02-04,wednesday ,Chest,Cable Fly - Lower Chest,2,,15.0,56.0,0.0,,7500.0,Y
2026-02-04,wednesday ,Chest,Cable Fly - Lower Chest,3,,15.0,56.0,0.0,,7500.0,Y
2026-02-04,wednesday ,Chest,Cable Fly - Lower Chest,4,,11.0,56.0,0.0,,7500.0,Y
2026-02-04,wednesday ,Chest ,Cable Fly - Upper Chest ,1,,12.0,44.0,0.0,,7500.0,Y
2026-02-04,wednesday ,Chest ,Cable Fly - Upper Chest ,2,,10.0,44.0,0.0,,7500.0,Y
2026-02-04,wednesday ,Chest ,Cable Fly - Upper Chest ,3,,12.0,44.0,0.0,,7500.0,Y
2026-02-04,wednesday ,Chest ,Cable Fly - Upper Chest ,4,,10.0,44.0,0.0,,7500.0,Y
2026-02-04,wednesday ,Chest ,Cable Fly - Upper Chest ,1,,12.0,44.0,0.0,,7500.0,Y
2026-02-04,wednesday ,Chest ,Cable Fly - Upper Chest ,2,,10.0,44.0,0.0,,7500.0,Y
2026-02-04,wednesday ,Chest ,Cable Fly - Upper Chest ,3,,12.0,44.0,0.0,,7500.0,Y
2026-02-04,wednesday ,Chest ,Cable Fly - Upper Chest ,4,,10.0,44.0,0.0,,7500.0,Y
2026-02-04,wednesday ,Chest ,Cable Fly - Upper Chest ,1,,12.0,44.0,0.0,,7500.0,Y
2026-02-04,wednesday ,Chest ,Cable Fly - Upper Chest ,2,,10.0,44.0,0.0,,7500.0,Y
2026-02-04,wednesday ,Chest ,Cable Fly - Upper Chest ,3,,12.0,44.0,0.0,,7500.0,Y
2026-02-04,wednesday ,Chest ,Cable Fly - Upper Chest ,4,,10.0,44.0,0.0,,7500.0,Y
2026-02-04,wednesday ,Chest ,Cable Fly - Upper Chest ,1,,12.0,44.0,0.0,,7500.0,Y
2026-02-04,wednesday ,Chest ,Cable Fly - Upper Chest ,2,,10.0,44.0,0.0,,7500.0,Y
2026-02-04,wednesday ,Chest ,Cable Fly - Upper Chest ,3,,12.0,44.0,0.0,,7500.0,Y
2026-02-04,wednesday ,Chest ,Cable Fly - Upper Chest ,4,,10.0,44.0,0.0,,7500.0,Y
2026-02-06,friday,Legs,free squats ,1,79.75,15.0,60.0,1196.25,79.75,7500.0,Y
2026-02-06,friday,Legs,free squats ,2,79.75,15.0,60.0,1196.25,79.75,7500.0,Y
2026-02-06,friday,Legs,free squats ,3,79.75,15.0,60.0,1196.25,79.75,7500.0,Y
2026-02-06,friday,Legs,free squats ,4,79.75,15.0,60.0,1196.25,79.75,7500.0,Y
2026-02-06,friday,Legs,free squats ,1,79.75,15.0,60.0,1196.25,79.75,7500.0,Y
2026-02-06,friday,Legs,free squats ,2,79.75,15.0,60.0,1196.25,79.75,7500.0,Y
2026-02-06,friday,Legs,free squats ,3,79.75,15.0,60.0,1196.25,79.75,7500.0,Y
2026-02-06,friday,Legs,free squats ,4,79.75,15.0,60.0,1196.25,79.75,7500.0,Y
2026-02-06,friday,Legs,free squats ,1,79.75,15.0,60.0,1196.25,79.75,7500.0,Y
2026-02-06,friday,Legs,free squats ,2,79.75,15.0,60.0,1196.25,79.75,7500.0,Y
2026-02-06,friday,Legs,free squats ,3,79.75,15.0,60.0,1196.25,79.75,7500.0,Y
2026-02-06,friday,Legs,free squats ,4,79.75,15.0,60.0,1196.25,79.75,7500.0,Y
2026-02-06,friday,Legs,free squats ,1,79.75,15.0,60.0,1196.25,79.75,7500.0,Y
2026-02-06,friday,Legs,free squats ,2,79.75,15.0,60.0,1196.25,79.75,7500.0,Y
2026-02-06,friday,Legs,free squats ,3,79.75,15.0,60.0,1196.25,79.75,7500.0,Y
2026-02-06,friday,Legs,free squats ,4,79.75,15.0,60.0,1196.25,79.75,7500.0,Y
2026-02-06,friday,Legs,Barbell Squats,1,10.0,8.0,26.0,260.0,79.75,7500.0,Y
2026-02-06,friday,Legs,Barbell Squats,2,10.0,10.0,26.0,260.0,79.75,7500.0,Y
2026-02-06,friday,Legs,Barbell Squats,3,10.0,8.0,26.0,260.0,79.75,7500.0,Y
2026-02-06,friday,Legs,Barbell Squats,4,,,26.0,260.0,79.75,7500.0,Y
2026-02-06,friday,Legs,Barbell Squats,1,10.0,8.0,26.0,260.0,79.75,7500.0,Y
2026-02-06,friday,Legs,Barbell Squats,2,10.0,10.0,26.0,260.0,79.75,7500.0,Y
2026-02-06,friday,Legs,Barbell Squats,3,10.0,8.0,26.0,260.0,79.75,7500.0,Y
2026-02-06,friday,Legs,Barbell Squats,4,,,26.0,260.0,79.75,7500.0,Y
2026-02-06,friday,Legs,Barbell Squats,1,10.0,8.0,26.0,260.0,79.75,7500.0,Y
2026-02-06,friday,Legs,Barbell Squats,2,10.0,10.0,26.0,260.0,79.75,7500.0,Y
2026-02-06,friday,Legs,Barbell Squats,3,10.0,8.0,26.0,260.0,79.75,7500.0,Y
2026-02-06,friday,Legs,Barbell Squats,4,,,26.0,260.0,79.75,7500.0,Y
2026-02-06,friday,Legs,Barbell Squats,1,10.0,8.0,26.0,260.0,79.75,7500.0,Y
2026-02-06,friday,Legs,Barbell Squats,2,10.0,10.0,26.0,260.0,79.75,7500.0,Y
2026-02-06,friday,Legs,Barbell Squats,3,10.0,8.0,26.0,260.0,79.75,7500.0,Y
2026-02-06,friday,Legs,Barbell Squats,4,,,26.0,260.0,79.75,7500.0,Y
2026-02-06,friday ,Legs,Leg Press,1,25.0,12.0,54.0,1350.0,79.75,7500.0,Y
2026-02-06,friday ,Legs,Leg Press,2,25.0,15.0,54.0,1350.0,79.75,7500.0,Y
2026-02-06,friday ,Legs,Leg Press,3,25.0,12.0,54.0,1350.0,79.75,7500.0,Y
2026-02-06,friday ,Legs,Leg Press,4,25.0,15.0,54.0,1350.0,79.75,7500.0,Y
2026-02-06,friday ,Legs,Leg Press,1,25.0,12.0,54.0,1350.0,79.75,7500.0,Y
2026-02-06,friday ,Legs,Leg Press,2,25.0,15.0,54.0,1350.0,79.75,7500.0,Y
2026-02-06,friday ,Legs,Leg Press,3,25.0,12.0,54.0,1350.0,79.75,7500.0,Y
2026-02-06,friday ,Legs,Leg Press,4,25.0,15.0,54.0,1350.0,79.75,7500.0,Y
2026-02-06,friday ,Legs,Leg Press,1,25.0,12.0,54.0,1350.0,79.75,7500.0,Y
2026-02-06,friday ,Legs,Leg Press,2,25.0,15.0,54.0,1350.0,79.75,7500.0,Y
2026-02-06,friday ,Legs,Leg Press,3,25.0,12.0,54.0,1350.0,79.75,7500.0,Y
2026-02-06,friday ,Legs,Leg Press,4,25.0,15.0,54.0,1350.0,79.75,7500.0,Y
2026-02-06,friday ,Legs,Leg Press,1,25.0,12.0,54.0,1350.0,79.75,7500.0,Y
2026-02-06,friday ,Legs,Leg Press,2,25.0,15.0,54.0,1350.0,79.75,7500.0,Y
2026-02-06,friday ,Legs,Leg Press,3,25.0,12.0,54.0,1350.0,79.75,7500.0,Y
2026-02-06,friday ,Legs,Leg Press,4,25.0,15.0,54.0,1350.0,79.75,7500.0,Y
2026-02-06,friday,Legs,Leg Extension down,1,43.0,15.0,45.0,2265.0,79.75,7500.0,Y
2026-02-06,friday,Legs,Leg Extension down,2,50.0,15.0,45.0,2265.0,79.75,7500.0,Y
2026-02-06,friday,Legs,Leg Extension down,3,58.0,15.0,45.0,2265.0,79.75,7500.0,Y
2026-02-06,friday,Legs,Leg Extension down,4,,,45.0,2265.0,79.75,7500.0,Y
2026-02-06,friday,Legs,Leg Extension down,1,43.0,15.0,45.0,2265.0,79.75,7500.0,Y
2026-02-06,friday,Legs,Leg Extension down,2,50.0,15.0,45.0,2265.0,79.75,7500.0,Y
2026-02-06,friday,Legs,Leg Extension down,3,58.0,15.0,45.0,2265.0,79.75,7500.0,Y
2026-02-06,friday,Legs,Leg Extension down,4,,,45.0,2265.0,79.75,7500.0,Y
2026-02-06,friday,Legs,Leg Extension down,1,43.0,15.0,45.0,2265.0,79.75,7500.0,Y
2026-02-06,friday,Legs,Leg Extension down,2,50.0,15.0,45.0,2265.0,79.75,7500.0,Y
2026-02-06,friday,Legs,Leg Extension down,3,58.0,15.0,45.0,2265.0,79.75,7500.0,Y
2026-02-06,friday,Legs,Leg Extension down,4,,,45.0,2265.0,79.75,7500.0,Y
2026-02-06,friday,Legs,Leg Extension down,1,43.0,15.0,45.0,2265.0,79.75,7500.0,Y
2026-02-06,friday,Legs,Leg Extension down,2,50.0,15.0,45.0,2265.0,79.75,7500.0,Y
2026-02-06,friday,Legs,Leg Extension down,3,58.0,15.0,45.0,2265.0,79.75,7500.0,Y
2026-02-06,friday,Legs,Leg Extension down,4,,,45.0,2265.0,79.75,7500.0,Y
2026-02-06,friday,Legs,Leg Extension Up,1,43.0,12.0,36.0,1800.0,79.75,7500.0,Y
2026-02-06,friday,Legs,Leg Extension Up,2,50.0,12.0,36.0,1800.0,79.75,7500.0,Y
2026-02-06,friday,Legs,Leg Extension Up,3,57.0,12.0,36.0,1800.0,79.75,7500.0,Y
2026-02-06,friday,Legs,Leg Extension Up,4,,,36.0,1800.0,79.75,7500.0,Y
2026-02-06,friday,Legs,Leg Extension Up,1,43.0,12.0,36.0,1800.0,79.75,7500.0,Y
2026-02-06,friday,Legs,Leg Extension Up,2,50.0,12.0,36.0,1800.0,79.75,7500.0,Y
2026-02-06,friday,Legs,Leg Extension Up,3,57.0,12.0,36.0,1800.0,79.75,7500.0,Y
2026-02-06,friday,Legs,Leg Extension Up,4,,,36.0,1800.0,79.75,7500.0,Y
2026-02-06,friday,Legs,Leg Extension Up,1,43.0,12.0,36.0,1800.0,79.75,7500.0,Y
2026-02-06,friday,Legs,Leg Extension Up,2,50.0,12.0,36.0,1800.0,79.75,7500.0,Y
2026-02-06,friday,Legs,Leg Extension Up,3,57.0,12.0,36.0,1800.0,79.75,7500.0,Y
2026-02-06,friday,Legs,Leg Extension Up,4,,,36.0,1800.0,79.75,7500.0,Y
2026-02-06,friday,Legs,Leg Extension Up,1,43.0,12.0,36.0,1800.0,79.75,7500.0,Y
2026-02-06,friday,Legs,Leg Extension Up,2,50.0,12.0,36.0,1800.0,79.75,7500.0,Y
2026-02-06,friday,Legs,Leg Extension Up,3,57.0,12.0,36.0,1800.0,79.75,7500.0,Y
2026-02-06,friday,Legs,Leg Extension Up,4,,,36.0,1800.0,79.75,7500.0,Y
2026-02-06,friday,Legs,Hip Abductor ,1,29.0,20.0,52.0,1900.0,79.75,7500.0,Y
2026-02-06,friday,Legs,Hip Abductor ,2,36.0,20.0,52.0,1900.0,79.75,7500.0,Y
2026-02-06,friday,Legs,Hip Abductor ,3,50.0,12.0,52.0,1900.0,79.75,7500.0,Y
2026-02-06,friday,Legs,Hip Abductor ,4,,,52.0,1900.0,79.75,7500.0,Y
2026-02-06,friday,Legs,Hip Abductor ,1,29.0,20.0,52.0,1900.0,79.75,7500.0,Y
2026-02-06,friday,Legs,Hip Abductor ,2,36.0,20.0,52.0,1900.0,79.75,7500.0,Y
2026-02-06,friday,Legs,Hip Abductor ,3,50.0,12.0,52.0,1900.0,79.75,7500.0,Y
2026-02-06,friday,Legs,Hip Abductor ,4,,,52.0,1900.0,79.75,7500.0,Y
2026-02-06,friday,Legs,Hip Abductor ,1,29.0,20.0,52.0,1900.0,79.75,7500.0,Y
2026-02-06,friday,Legs,Hip Abductor ,2,36.0,20.0,52.0,1900.0,79.75,7500.0,Y
2026-02-06,friday,Legs,Hip Abductor ,3,50.0,12.0,52.0,1900.0,79.75,7500.0,Y
2026-02-06,friday,Legs,Hip Abductor ,4,,,52.0,1900.0,79.75,7500.0,Y
2026-02-06,friday,Legs,Hip Abductor ,1,29.0,20.0,52.0,1900.0,79.75,7500.0,Y
2026-02-06,friday,Legs,Hip Abductor ,2,36.0,20.0,52.0,1900.0,79.75,7500.0,Y
2026-02-06,friday,Legs,Hip Abductor ,3,50.0,12.0,52.0,1900.0,79.75,7500.0,Y
2026-02-06,friday,Legs,Hip Abductor ,4,,,52.0,1900.0,79.75,7500.0,Y
2026-02-06,friday,Legs,Calf Raises,1,5.0,15.0,50.0,1125.0,79.75,7500.0,Y
2026-02-06,friday,Legs,Calf Raises,2,30.0,15.0,50.0,1125.0,79.75,7500.0,Y
2026-02-06,friday,Legs,Calf Raises,3,30.0,20.0,50.0,1125.0,79.75,7500.0,Y
2026-02-06,friday,Legs,Calf Raises,4,,,50.0,1125.0,79.75,7500.0,Y
2026-02-06,friday,Legs,Calf Raises,1,5.0,15.0,50.0,1125.0,79.75,7500.0,Y
2026-02-06,friday,Legs,Calf Raises,2,30.0,15.0,50.0,1125.0,79.75,7500.0,Y
2026-02-06,friday,Legs,Calf Raises,3,30.0,20.0,50.0,1125.0,79.75,7500.0,Y
2026-02-06,friday,Legs,Calf Raises,4,,,50.0,1125.0,79.75,7500.0,Y
2026-02-06,friday,Legs,Calf Raises,1,5.0,15.0,50.0,1125.0,79.75,7500.0,Y
2026-02-06,friday,Legs,Calf Raises,2,30.0,15.0,50.0,1125.0,79.75,7500.0,Y
2026-02-06,friday,Legs,Calf Raises,3,30.0,20.0,50.0,1125.0,79.75,7500.0,Y
2026-02-06,friday,Legs,Calf Raises,4,,,50.0,1125.0,79.75,7500.0,Y
2026-02-06,friday,Legs,Calf Raises,1,5.0,15.0,50.0,1125.0,79.75,7500.0,Y
2026-02-06,friday,Legs,Calf Raises,2,30.0,15.0,50.0,1125.0,79.75,7500.0,Y
2026-02-06,friday,Legs,Calf Raises,3,30.0,20.0,50.0,1125.0,79.75,7500.0,Y
2026-02-06,friday,Legs,Calf Raises,4,,,50.0,1125.0,79.75,7500.0,Y
2026-02-07,saturday,N,N,1,,,0.0,0.0,,7500.0,N
2026-02-07,saturday,N,N,2,,,0.0,0.0,,7500.0,N
2026-02-07,saturday,N,N,3,,,0.0,0.0,,7500.0,N
2026-02-07,saturday,N,N,4,,,0.0,0.0,,7500.0,N
2026-02-07,saturday,N,N,1,,,0.0,0.0,,7500.0,N
2026-02-07,saturday,N,N,2,,,0.0,0.0,,7500.0,N
2026-02-07,saturday,N,N,3,,,0.0,0.0,,7500.0,N
2026-02-07,saturday,N,N,4,,,0.0,0.0,,7500.0,N
2026-02-07,saturday,N,N,1,,,0.0,0.0,,7500.0,N
2026-02-07,saturday,N,N,2,,,0.0,0.0,,7500.0,N
2026-02-07,saturday,N,N,3,,,0.0,0.0,,7500.0,N
2026-02-07,saturday,N,N,4,,,0.0,0.0,,7500.0,N
2026-02-07,saturday,N,N,1,,,0.0,0.0,,7500.0,N
2026-02-07,saturday,N,N,2,,,0.0,0.0,,7500.0,N
2026-02-07,saturday,N,N,3,,,0.0,0.0,,7500.0,N
2026-02-07,saturday,N,N,4,,,0.0,0.0,,7500.0,N
2026-02-08,sunday,H,H,1,,,0.0,0.0,,7500.0,H
2026-02-08,sunday,H,H,2,,,0.0,0.0,,7500.0,H
2026-02-08,sunday,H,H,3,,,0.0,0.0,,7500.0,H
2026-02-08,sunday,H,H,4,,,0.0,0.0,,7500.0,H
2026-02-08,sunday,H,H,1,,,0.0,0.0,,7500.0,H
2026-02-08,sunday,H,H,2,,,0.0,0.0,,7500.0,H
2026-02-08,sunday,H,H,3,,,0.0,0.0,,7500.0,H
2026-02-08,sunday,H,H,4,,,0.0,0.0,,7500.0,H
2026-02-08,sunday,H,H,1,,,0.0,0.0,,7500.0,H
2026-02-08,sunday,H,H,2,,,0.0,0.0,,7500.0,H
2026-02-08,sunday,H,H,3,,,0.0,0.0,,7500.0,H
2026-02-08,sunday,H,H,4,,,0.0,0.0,,7500.0,H
2026-02-08,sunday,H,H,1,,,0.0,0.0,,7500.0,H
2026-02-08,sunday,H,H,2,,,0.0,0.0,,7500.0,H
2026-02-08,sunday,H,H,3,,,0.0,0.0,,7500.0,H
2026-02-08,sunday,H,H,4,,,0.0,0.0,,7500.0,H
2026-02-09,monday ,N,N,1,,,0.0,0.0,,7500.0,N
2026-02-09,monday ,N,N,2,,,0.0,0.0,,7500.0,N
2026-02-09,monday ,N,N,3,,,0.0,0.0,,7500.0,N
2026-02-09,monday ,N,N,4,,,0.0,0.0,,7500.0,N
2026-02-09,monday ,N,N,1,,,0.0,0.0,,7500.0,N
2026-02-09,monday ,N,N,2,,,0.0,0.0,,7500.0,N
2026-02-09,monday ,N,N,3,,,0.0,0.0,,7500.0,N
2026-02-09,monday ,N,N,4,,,0.0,0.0,,7500.0,N
2026-02-09,monday ,N,N,1,,,0.0,0.0,,7500.0,N
2026-02-09,monday ,N,N,2,,,0.0,0.0,,7500.0,N
2026-02-09,monday ,N,N,3,,,0.0,0.0,,7500.0,N
2026-02-09,monday ,N,N,4,,,0.0,0.0,,7500.0,N
2026-02-09,monday ,N,N,1,,,0.0,0.0,,7500.0,N
2026-02-09,monday ,N,N,2,,,0.0,0.0,,7500.0,N
2026-02-09,monday ,N,N,3,,,0.0,0.0,,7500.0,N
2026-02-09,monday ,N,N,4,,,0.0,0.0,,7500.0,N
2026-02-10,tuesday ,Back,Pullups ,1,79.95,7.0,20.0,559.65,79.95,7500.0,Y
2026-02-10,tuesday ,Back,Pullups ,2,79.95,5.0,20.0,559.65,79.95,7500.0,Y
2026-02-10,tuesday ,Back,Pullups ,3,79.95,5.0,20.0,559.65,79.95,7500.0,Y
2026-02-10,tuesday ,Back,Pullups ,4,79.95,3.0,20.0,559.65,79.95,7500.0,Y
2026-02-10,tuesday ,Back,Pullups ,1,79.95,7.0,20.0,559.65,79.95,7500.0,Y
2026-02-10,tuesday ,Back,Pullups ,2,79.95,5.0,20.0,559.65,79.95,7500.0,Y
2026-02-10,tuesday ,Back,Pullups ,3,79.95,5.0,20.0,559.65,79.95,7500.0,Y
2026-02-10,tuesday ,Back,Pullups ,4,79.95,3.0,20.0,559.65,79.95,7500.0,Y
2026-02-10,tuesday ,Back,Pullups ,1,79.95,7.0,20.0,559.65,79.95,7500.0,Y
2026-02-10,tuesday ,Back,Pullups ,2,79.95,5.0,20.0,559.65,79.95,7500.0,Y
2026-02-10,tuesday ,Back,Pullups ,3,79.95,5.0,20.0,559.65,79.95,7500.0,Y
2026-02-10,tuesday ,Back,Pullups ,4,79.95,3.0,20.0,559.65,79.95,7500.0,Y
2026-02-10,tuesday ,Back,Pullups ,1,79.95,7.0,20.0,559.65,79.95,7500.0,Y
2026-02-10,tuesday ,Back,Pullups ,2,79.95,5.0,20.0,559.65,79.95,7500.0,Y
2026-02-10,tuesday ,Back,Pullups ,3,79.95,5.0,20.0,559.65,79.95,7500.0,Y
2026-02-10,tuesday ,Back,Pullups ,4,79.95,3.0,20.0,559.65,79.95,7500.0,Y
2026-02-10,tuesday ,Back ,Lat Pulldown ,1,50.0,10.0,38.0,1816.0,79.95,7500.0,Y
2026-02-10,tuesday ,Back ,Lat Pulldown ,2,57.0,8.0,38.0,1816.0,79.95,7500.0,Y
2026-02-10,tuesday ,Back ,Lat Pulldown ,3,43.0,10.0,38.0,1816.0,79.95,7500.0,Y
2026-02-10,tuesday ,Back ,Lat Pulldown ,4,43.0,10.0,38.0,1816.0,79.95,7500.0,Y
2026-02-10,tuesday ,Back ,Lat Pulldown ,1,50.0,10.0,38.0,1816.0,79.95,7500.0,Y
2026-02-10,tuesday ,Back ,Lat Pulldown ,2,57.0,8.0,38.0,1816.0,79.95,7500.0,Y
2026-02-10,tuesday ,Back ,Lat Pulldown ,3,43.0,10.0,38.0,1816.0,79.95,7500.0,Y
2026-02-10,tuesday ,Back ,Lat Pulldown ,4,43.0,10.0,38.0,1816.0,79.95,7500.0,Y
2026-02-10,tuesday ,Back ,Lat Pulldown ,1,50.0,10.0,38.0,1816.0,79.95,7500.0,Y
2026-02-10,tuesday ,Back ,Lat Pulldown ,2,57.0,8.0,38.0,1816.0,79.95,7500.0,Y
2026-02-10,tuesday ,Back ,Lat Pulldown ,3,43.0,10.0,38.0,1816.0,79.95,7500.0,Y
2026-02-10,tuesday ,Back ,Lat Pulldown ,4,43.0,10.0,38.0,1816.0,79.95,7500.0,Y
2026-02-10,tuesday ,Back ,Lat Pulldown ,1,50.0,10.0,38.0,1816.0,79.95,7500.0,Y
2026-02-10,tuesday ,Back ,Lat Pulldown ,2,57.0,8.0,38.0,1816.0,79.95,7500.0,Y
2026-02-10,tuesday ,Back ,Lat Pulldown ,3,43.0,10.0,38.0,1816.0,79.95,7500.0,Y
2026-02-10,tuesday ,Back ,Lat Pulldown ,4,43.0,10.0,38.0,1816.0,79.95,7500.0,Y
2026-02-10,tuesday,Back,Lat Pulldown close grip,1,29.0,10.0,25.0,865.0,79.95,7500.0,Y
2026-02-10,tuesday,Back,Lat Pulldown close grip,2,36.0,10.0,25.0,865.0,79.95,7500.0,Y
2026-02-10,tuesday,Back,Lat Pulldown close grip,3,43.0,5.0,25.0,865.0,79.95,7500.0,Y
2026-02-10,tuesday,Back,Lat Pulldown close grip,4,,,25.0,865.0,79.95,7500.0,Y
2026-02-10,tuesday,Back,Lat Pulldown close grip,1,29.0,10.0,25.0,865.0,79.95,7500.0,Y
2026-02-10,tuesday,Back,Lat Pulldown close grip,2,36.0,10.0,25.0,865.0,79.95,7500.0,Y
2026-02-10,tuesday,Back,Lat Pulldown close grip,3,43.0,5.0,25.0,865.0,79.95,7500.0,Y
2026-02-10,tuesday,Back,Lat Pulldown close grip,4,,,25.0,865.0,79.95,7500.0,Y
2026-02-10,tuesday,Back,Lat Pulldown close grip,1,29.0,10.0,25.0,865.0,79.95,7500.0,Y
2026-02-10,tuesday,Back,Lat Pulldown close grip,2,36.0,10.0,25.0,865.0,79.95,7500.0,Y
2026-02-10,tuesday,Back,Lat Pulldown close grip,3,43.0,5.0,25.0,865.0,79.95,7500.0,Y
2026-02-10,tuesday,Back,Lat Pulldown close grip,4,,,25.0,865.0,79.95,7500.0,Y
2026-02-10,tuesday,Back,Lat Pulldown close grip,1,29.0,10.0,25.0,865.0,79.95,7500.0,Y
2026-02-10,tuesday,Back,Lat Pulldown close grip,2,36.0,10.0,25.0,865.0,79.95,7500.0,Y
2026-02-10,tuesday,Back,Lat Pulldown close grip,3,43.0,5.0,25.0,865.0,79.95,7500.0,Y
2026-02-10,tuesday,Back,Lat Pulldown close grip,4,,,25.0,865.0,79.95,7500.0,Y
2026-02-10,tuesday,Back,Seated Row ,1,29.0,15.0,40.0,1405.0,79.95,7500.0,Y
2026-02-10,tuesday,Back,Seated Row ,2,36.0,15.0,40.0,1405.0,79.95,7500.0,Y
2026-02-10,tuesday,Back,Seated Row ,3,43.0,10.0,40.0,1405.0,79.95,7500.0,Y
2026-02-10,tuesday,Back,Seated Row ,4,,,40.0,1405.0,79.95,7500.0,Y
2026-02-10,tuesday,Back,Seated Row ,1,29.0,15.0,40.0,1405.0,79.95,7500.0,Y
2026-02-10,tuesday,Back,Seated Row ,2,36.0,15.0,40.0,1405.0,79.95,7500.0,Y
2026-02-10,tuesday,Back,Seated Row ,3,43.0,10.0,40.0,1405.0,79.95,7500.0,Y
2026-02-10,tuesday,Back,Seated Row ,4,,,40.0,1405.0,79.95,7500.0,Y
2026-02-10,tuesday,Back,Seated Row ,1,29.0,15.0,40.0,1405.0,79.95,7500.0,Y
2026-02-10,tuesday,Back,Seated Row ,2,36.0,15.0,40.0,1405.0,79.95,7500.0,Y
2026-02-10,tuesday,Back,Seated Row ,3,43.0,10.0,40.0,1405.0,79.95,7500.0,Y
2026-02-10,tuesday,Back,Seated Row ,4,,,40.0,1405.0,79.95,7500.0,Y
2026-02-10,tuesday,Back,Seated Row ,1,29.0,15.0,40.0,1405.0,79.95,7500.0,Y
2026-02-10,tuesday,Back,Seated Row ,2,36.0,15.0,40.0,1405.0,79.95,7500.0,Y
2026-02-10,tuesday,Back,Seated Row ,3,43.0,10.0,40.0,1405.0,79.95,7500.0,Y
2026-02-10,tuesday,Back,Seated Row ,4,,,40.0,1405.0,79.95,7500.0,Y
2026-02-10,tuesday,Back,Seated Row wide grip,1,20.0,10.0,30.0,600.0,79.95,7500.0,Y
2026-02-10,tuesday,Back,Seated Row wide grip,2,20.0,10.0,30.0,600.0,79.95,7500.0,Y
2026-02-10,tuesday,Back,Seated Row wide grip,3,20.0,10.0,30.0,600.0,79.95,7500.0,Y
2026-02-10,tuesday,Back,Seated Row wide grip,4,,,30.0,600.0,79.95,7500.0,Y
2026-02-10,tuesday,Back,Seated Row wide grip,1,20.0,10.0,30.0,600.0,79.95,7500.0,Y
2026-02-10,tuesday,Back,Seated Row wide grip,2,20.0,10.0,30.0,600.0,79.95,7500.0,Y
2026-02-10,tuesday,Back,Seated Row wide grip,3,20.0,10.0,30.0,600.0,79.95,7500.0,Y
2026-02-10,tuesday,Back,Seated Row wide grip,4,,,30.0,600.0,79.95,7500.0,Y
2026-02-10,tuesday,Back,Seated Row wide grip,1,20.0,10.0,30.0,600.0,79.95,7500.0,Y
2026-02-10,tuesday,Back,Seated Row wide grip,2,20.0,10.0,30.0,600.0,79.95,7500.0,Y
2026-02-10,tuesday,Back,Seated Row wide grip,3,20.0,10.0,30.0,600.0,79.95,7500.0,Y
2026-02-10,tuesday,Back,Seated Row wide grip,4,,,30.0,600.0,79.95,7500.0,Y
2026-02-10,tuesday,Back,Seated Row wide grip,1,20.0,10.0,30.0,600.0,79.95,7500.0,Y
2026-02-10,tuesday,Back,Seated Row wide grip,2,20.0,10.0,30.0,600.0,79.95,7500.0,Y
2026-02-10,tuesday,Back,Seated Row wide grip,3,20.0,10.0,30.0,600.0,79.95,7500.0,Y
2026-02-10,tuesday,Back,Seated Row wide grip,4,,,30.0,600.0,79.95,7500.0,Y
2026-02-10,tuesday,Back,Inverted row - Lower Back,1,79.95,15.0,35.0,1199.25,79.95,7500.0,Y
2026-02-10,tuesday,Back,Inverted row - Lower Back,2,79.95,10.0,35.0,1199.25,79.95,7500.0,Y
2026-02-10,tuesday,Back,Inverted row - Lower Back,3,79.95,10.0,35.0,1199.25,79.95,7500.0,Y
2026-02-10,tuesday,Back,Inverted row - Lower Back,4,79.95,,35.0,1199.25,79.95,7500.0,Y
2026-02-10,tuesday,Back,Inverted row - Lower Back,1,79.95,15.0,35.0,1199.25,79.95,7500.0,Y
2026-02-10,tuesday,Back,Inverted row - Lower Back,2,79.95,10.0,35.0,1199.25,79.95,7500.0,Y
2026-02-10,tuesday,Back,Inverted row - Lower Back,3,79.95,10.0,35.0,1199.25,79.95,7500.0,Y
2026-02-10,tuesday,Back,Inverted row - Lower Back,4,79.95,,35.0,1199.25,79.95,7500.0,Y
2026-02-10,tuesday,Back,Inverted row - Lower Back,1,79.95,15.0,35.0,1199.25,79.95,7500.0,Y
2026-02-10,tuesday,Back,Inverted row - Lower Back,2,79.95,10.0,35.0,1199.25,79.95,7500.0,Y
2026-02-10,tuesday,Back,Inverted row - Lower Back,3,79.95,10.0,35.0,1199.25,79.95,7500.0,Y
2026-02-10,tuesday,Back,Inverted row - Lower Back,4,79.95,,35.0,1199.25,79.95,7500.0,Y
2026-02-10,tuesday,Back,Inverted row - Lower Back,1,79.95,15.0,35.0,1199.25,79.95,7500.0,Y
2026-02-10,tuesday,Back,Inverted row - Lower Back,2,79.95,10.0,35.0,1199.25,79.95,7500.0,Y
2026-02-10,tuesday,Back,Inverted row - Lower Back,3,79.95,10.0,35.0,1199.25,79.95,7500.0,Y
2026-02-10,tuesday,Back,Inverted row - Lower Back,4,79.95,,35.0,1199.25,79.95,7500.0,Y
2026-02-10,tuesday,Biceps,Hammer Curls ,1,7.5,15.0,35.0,332.5,79.95,7500.0,Y
2026-02-10,tuesday,Biceps,Hammer Curls ,2,10.0,12.0,35.0,332.5,79.95,7500.0,Y
2026-02-10,tuesday,Biceps,Hammer Curls ,3,12.5,8.0,35.0,332.5,79.95,7500.0,Y
2026-02-10,tuesday,Biceps,Hammer Curls ,4,,,35.0,332.5,79.95,7500.0,Y
2026-02-10,tuesday,Biceps,Hammer Curls ,1,7.5,15.0,35.0,332.5,79.95,7500.0,Y
2026-02-10,tuesday,Biceps,Hammer Curls ,2,10.0,12.0,35.0,332.5,79.95,7500.0,Y
2026-02-10,tuesday,Biceps,Hammer Curls ,3,12.5,8.0,35.0,332.5,79.95,7500.0,Y
2026-02-10,tuesday,Biceps,Hammer Curls ,4,,,35.0,332.5,79.95,7500.0,Y
2026-02-10,tuesday,Biceps,Hammer Curls ,1,7.5,15.0,35.0,332.5,79.95,7500.0,Y
2026-02-10,tuesday,Biceps,Hammer Curls ,2,10.0,12.0,35.0,332.5,79.95,7500.0,Y
2026-02-10,tuesday,Biceps,Hammer Curls ,3,12.5,8.0,35.0,332.5,79.95,7500.0,Y
2026-02-10,tuesday,Biceps,Hammer Curls ,4,,,35.0,332.5,79.95,7500.0,Y
2026-02-10,tuesday,Biceps,Hammer Curls ,1,7.5,15.0,35.0,332.5,79.95,7500.0,Y
2026-02-10,tuesday,Biceps,Hammer Curls ,2,10.0,12.0,35.0,332.5,79.95,7500.0,Y
2026-02-10,tuesday,Biceps,Hammer Curls ,3,12.5,8.0,35.0,332.5,79.95,7500.0,Y
2026-02-10,tuesday,Biceps,Hammer Curls ,4,,,35.0,332.5,79.95,7500.0,Y
2026-02-10,tuesday,Biceps ,Biceps Curls,1,7.5,8.0,18.0,122.5,79.95,7500.0,Y
2026-02-10,tuesday,Biceps ,Biceps Curls,2,5.0,5.0,18.0,122.5,79.95,7500.0,Y
2026-02-10,tuesday,Biceps ,Biceps Curls,3,7.5,5.0,18.0,122.5,79.95,7500.0,Y
2026-02-10,tuesday,Biceps ,Biceps Curls,4,,,18.0,122.5,79.95,7500.0,Y
2026-02-10,tuesday,Biceps ,Biceps Curls,1,7.5,8.0,18.0,122.5,79.95,7500.0,Y
2026-02-10,tuesday,Biceps ,Biceps Curls,2,5.0,5.0,18.0,122.5,79.95,7500.0,Y
2026-02-10,tuesday,Biceps ,Biceps Curls,3,7.5,5.0,18.0,122.5,79.95,7500.0,Y
2026-02-10,tuesday,Biceps ,Biceps Curls,4,,,18.0,122.5,79.95,7500.0,Y
2026-02-10,tuesday,Biceps ,Biceps Curls,1,7.5,8.0,18.0,122.5,79.95,7500.0,Y
2026-02-10,tuesday,Biceps ,Biceps Curls,2,5.0,5.0,18.0,122.5,79.95,7500.0,Y
2026-02-10,tuesday,Biceps ,Biceps Curls,3,7.5,5.0,18.0,122.5,79.95,7500.0,Y
2026-02-10,tuesday,Biceps ,Biceps Curls,4,,,18.0,122.5,79.95,7500.0,Y
2026-02-10,tuesday,Biceps ,Biceps Curls,1,7.5,8.0,18.0,122.5,79.95,7500.0,Y
2026-02-10,tuesday,Biceps ,Biceps Curls,2,5.0,5.0,18.0,122.5,79.95,7500.0,Y
2026-02-10,tuesday,Biceps ,Biceps Curls,3,7.5,5.0,18.0,122.5,79.95,7500.0,Y
2026-02-10,tuesday,Biceps ,Biceps Curls,4,,,18.0,122.5,79.95,7500.0,Y
2026-02-10,tuesday,Biceps ,21 Exercise ,1,6.8,21.0,63.0,571.2,79.95,7500.0,Y
2026-02-10,tuesday,Biceps ,21 Exercise ,2,9.1,21.0,63.0,571.2,79.95,7500.0,Y
2026-02-10,tuesday,Biceps ,21 Exercise ,3,11.3,21.0,63.0,571.2,79.95,7500.0,Y
2026-02-10,tuesday,Biceps ,21 Exercise ,4,,,63.0,571.2,79.95,7500.0,Y
2026-02-10,tuesday,Biceps ,21 Exercise ,1,6.8,21.0,63.0,571.2,79.95,7500.0,Y
2026-02-10,tuesday,Biceps ,21 Exercise ,2,9.1,21.0,63.0,571.2,79.95,7500.0,Y
2026-02-10,tuesday,Biceps ,21 Exercise ,3,11.3,21.0,63.0,571.2,79.95,7500.0,Y
2026-02-10,tuesday,Biceps ,21 Exercise ,4,,,63.0,571.2,79.95,7500.0,Y
2026-02-10,tuesday,Biceps ,21 Exercise ,1,6.8,21.0,63.0,571.2,79.95,7500.0,Y
2026-02-10,tuesday,Biceps ,21 Exercise ,2,9.1,21.0,63.0,571.2,79.95,7500.0,Y
2026-02-10,tuesday,Biceps ,21 Exercise ,3,11.3,21.0,63.0,571.2,79.95,7500.0,Y
2026-02-10,tuesday,Biceps ,21 Exercise ,4,,,63.0,571.2,79.95,7500.0,Y
2026-02-10,tuesday,Biceps ,21 Exercise ,1,6.8,21.0,63.0,571.2,79.95,7500.0,Y
2026-02-10,tuesday,Biceps ,21 Exercise ,2,9.1,21.0,63.0,571.2,79.95,7500.0,Y
2026-02-10,tuesday,Biceps ,21 Exercise ,3,11.3,21.0,63.0,571.2,79.95,7500.0,Y
2026-02-10,tuesday,Biceps ,21 Exercise ,4,,,63.0,571.2,79.95,7500.0,Y
2026-02-12,thursday ,Chest,Flat Bench Press,1,,15.0,39.0,0.0,,7500.0,Y
2026-02-12,thursday ,Chest,Flat Bench Press,2,,12.0,39.0,0.0,,7500.0,Y
2026-02-12,thursday ,Chest,Flat Bench Press,3,,7.0,39.0,0.0,,7500.0,Y
2026-02-12,thursday ,Chest,Flat Bench Press,4,,5.0,39.0,0.0,,7500.0,Y
2026-02-12,thursday ,Chest,Flat Bench Press,1,,15.0,39.0,0.0,,7500.0,Y
2026-02-12,thursday ,Chest,Flat Bench Press,2,,12.0,39.0,0.0,,7500.0,Y
2026-02-12,thursday ,Chest,Flat Bench Press,3,,7.0,39.0,0.0,,7500.0,Y
2026-02-12,thursday ,Chest,Flat Bench Press,4,,5.0,39.0,0.0,,7500.0,Y
2026-02-12,thursday ,Chest,Flat Bench Press,1,,15.0,39.0,0.0,,7500.0,Y
2026-02-12,thursday ,Chest,Flat Bench Press,2,,12.0,39.0,0.0,,7500.0,Y
2026-02-12,thursday ,Chest,Flat Bench Press,3,,7.0,39.0,0.0,,7500.0,Y
2026-02-12,thursday ,Chest,Flat Bench Press,4,,5.0,39.0,0.0,,7500.0,Y
2026-02-12,thursday ,Chest,Flat Bench Press,1,,15.0,39.0,0.0,,7500.0,Y
2026-02-12,thursday ,Chest,Flat Bench Press,2,,12.0,39.0,0.0,,7500.0,Y
2026-02-12,thursday ,Chest,Flat Bench Press,3,,7.0,39.0,0.0,,7500.0,Y
2026-02-12,thursday ,Chest,Flat Bench Press,4,,5.0,39.0,0.0,,7500.0,Y
2026-02-12,thursday,Triceps ,Tricep Extension ,1,,40.0,75.0,0.0,,7500.0,Y
2026-02-12,thursday,Triceps ,Tricep Extension ,2,,20.0,75.0,0.0,,7500.0,Y
2026-02-12,thursday,Triceps ,Tricep Extension ,3,,10.0,75.0,0.0,,7500.0,Y
2026-02-12,thursday,Triceps ,Tricep Extension ,4,,5.0,75.0,0.0,,7500.0,Y
2026-02-12,thursday,Triceps ,Tricep Extension ,1,,40.0,75.0,0.0,,7500.0,Y
2026-02-12,thursday,Triceps ,Tricep Extension ,2,,20.0,75.0,0.0,,7500.0,Y
2026-02-12,thursday,Triceps ,Tricep Extension ,3,,10.0,75.0,0.0,,7500.0,Y
2026-02-12,thursday,Triceps ,Tricep Extension ,4,,5.0,75.0,0.0,,7500.0,Y
2026-02-12,thursday,Triceps ,Tricep Extension ,1,,40.0,75.0,0.0,,7500.0,Y
2026-02-12,thursday,Triceps ,Tricep Extension ,2,,20.0,75.0,0.0,,7500.0,Y
2026-02-12,thursday,Triceps ,Tricep Extension ,3,,10.0,75.0,0.0,,7500.0,Y
2026-02-12,thursday,Triceps ,Tricep Extension ,4,,5.0,75.0,0.0,,7500.0,Y
2026-02-12,thursday,Triceps ,Tricep Extension ,1,,40.0,75.0,0.0,,7500.0,Y
2026-02-12,thursday,Triceps ,Tricep Extension ,2,,20.0,75.0,0.0,,7500.0,Y
2026-02-12,thursday,Triceps ,Tricep Extension ,3,,10.0,75.0,0.0,,7500.0,Y
2026-02-12,thursday,Triceps ,Tricep Extension ,4,,5.0,75.0,0.0,,7500.0,Y
2026-02-12,thursday ,Chest,inclined Bench ,1,,10.0,28.0,0.0,,7500.0,Y
2026-02-12,thursday ,Chest,inclined Bench ,2,,10.0,28.0,0.0,,7500.0,Y
2026-02-12,thursday ,Chest,inclined Bench ,3,,8.0,28.0,0.0,,7500.0,Y
2026-02-12,thursday ,Chest,inclined Bench ,4,,,28.0,0.0,,7500.0,Y
2026-02-12,thursday ,Chest,inclined Bench ,1,,10.0,28.0,0.0,,7500.0,Y
2026-02-12,thursday ,Chest,inclined Bench ,2,,10.0,28.0,0.0,,7500.0,Y
2026-02-12,thursday ,Chest,inclined Bench ,3,,8.0,28.0,0.0,,7500.0,Y
2026-02-12,thursday ,Chest,inclined Bench ,4,,,28.0,0.0,,7500.0,Y
2026-02-12,thursday ,Chest,inclined Bench ,1,,10.0,28.0,0.0,,7500.0,Y
2026-02-12,thursday ,Chest,inclined Bench ,2,,10.0,28.0,0.0,,7500.0,Y
2026-02-12,thursday ,Chest,inclined Bench ,3,,8.0,28.0,0.0,,7500.0,Y
2026-02-12,thursday ,Chest,inclined Bench ,4,,,28.0,0.0,,7500.0,Y
2026-02-12,thursday ,Chest,inclined Bench ,1,,10.0,28.0,0.0,,7500.0,Y
2026-02-12,thursday ,Chest,inclined Bench ,2,,10.0,28.0,0.0,,7500.0,Y
2026-02-12,thursday ,Chest,inclined Bench ,3,,8.0,28.0,0.0,,7500.0,Y
2026-02-12,thursday ,Chest,inclined Bench ,4,,,28.0,0.0,,7500.0,Y
2026-02-12,thursday ,Shoulder,Shoulder Press,1,,10.0,20.0,0.0,,7500.0,Y
2026-02-12,thursday ,Shoulder,Shoulder Press,2,,5.0,20.0,0.0,,7500.0,Y
2026-02-12,thursday ,Shoulder,Shoulder Press,3,,5.0,20.0,0.0,,7500.0,Y
2026-02-12,thursday ,Shoulder,Shoulder Press,4,,,20.0,0.0,,7500.0,Y
2026-02-12,thursday ,Shoulder,Shoulder Press,1,,10.0,20.0,0.0,,7500.0,Y
2026-02-12,thursday ,Shoulder,Shoulder Press,2,,5.0,20.0,0.0,,7500.0,Y
2026-02-12,thursday ,Shoulder,Shoulder Press,3,,5.0,20.0,0.0,,7500.0,Y
2026-02-12,thursday ,Shoulder,Shoulder Press,4,,,20.0,0.0,,7500.0,Y
2026-02-12,thursday ,Shoulder,Shoulder Press,1,,10.0,20.0,0.0,,7500.0,Y
2026-02-12,thursday ,Shoulder,Shoulder Press,2,,5.0,20.0,0.0,,7500.0,Y
2026-02-12,thursday ,Shoulder,Shoulder Press,3,,5.0,20.0,0.0,,7500.0,Y
2026-02-12,thursday ,Shoulder,Shoulder Press,4,,,20.0,0.0,,7500.0,Y
2026-02-12,thursday ,Shoulder,Shoulder Press,1,,10.0,20.0,0.0,,7500.0,Y
2026-02-12,thursday ,Shoulder,Shoulder Press,2,,5.0,20.0,0.0,,7500.0,Y
2026-02-12,thursday ,Shoulder,Shoulder Press,3,,5.0,20.0,0.0,,7500.0,Y
2026-02-12,thursday ,Shoulder,Shoulder Press,4,,,20.0,0.0,,7500.0,Y
2026-02-12,thursday,Chest,Chest press,1,,10.0,28.0,0.0,,7500.0,Y
2026-02-12,thursday,Chest,Chest press,2,,10.0,28.0,0.0,,7500.0,Y
2026-02-12,thursday,Chest,Chest press,3,,8.0,28.0,0.0,,7500.0,Y
2026-02-12,thursday,Chest,Chest press,4,,,28.0,0.0,,7500.0,Y
2026-02-12,thursday,Chest,Chest press,1,,10.0,28.0,0.0,,7500.0,Y
2026-02-12,thursday,Chest,Chest press,2,,10.0,28.0,0.0,,7500.0,Y
2026-02-12,thursday,Chest,Chest press,3,,8.0,28.0,0.0,,7500.0,Y
2026-02-12,thursday,Chest,Chest press,4,,,28.0,0.0,,7500.0,Y
2026-02-12,thursday,Chest,Chest press,1,,10.0,28.0,0.0,,7500.0,Y
2026-02-12,thursday,Chest,Chest press,2,,10.0,28.0,0.0,,7500.0,Y
2026-02-12,thursday,Chest,Chest press,3,,8.0,28.0,0.0,,7500.0,Y
2026-02-12,thursday,Chest,Chest press,4,,,28.0,0.0,,7500.0,Y
2026-02-12,thursday,Chest,Chest press,1,,10.0,28.0,0.0,,7500.0,Y
2026-02-12,thursday,Chest,Chest press,2,,10.0,28.0,0.0,,7500.0,Y
2026-02-12,thursday,Chest,Chest press,3,,8.0,28.0,0.0,,7500.0,Y
2026-02-12,thursday,Chest,Chest press,4,,,28.0,0.0,,7500.0,Y
2026-02-12,thursday,Tricep ,Tricep Extension rope,1,,15.0,37.0,0.0,,7500.0,Y
2026-02-12,thursday,Tricep ,Tricep Extension rope,2,,12.0,37.0,0.0,,7500.0,Y
2026-02-12,thursday,Tricep ,Tricep Extension rope,3,,10.0,37.0,0.0,,7500.0,Y
2026-02-12,thursday,Tricep ,Tricep Extension rope,4,,,37.0,0.0,,7500.0,Y
2026-02-12,thursday,Tricep ,Tricep Extension rope,1,,15.0,37.0,0.0,,7500.0,Y
2026-02-12,thursday,Tricep ,Tricep Extension rope,2,,12.0,37.0,0.0,,7500.0,Y
2026-02-12,thursday,Tricep ,Tricep Extension rope,3,,10.0,37.0,0.0,,7500.0,Y
2026-02-12,thursday,Tricep ,Tricep Extension rope,4,,,37.0,0.0,,7500.0,Y
2026-02-12,thursday,Tricep ,Tricep Extension rope,1,,15.0,37.0,0.0,,7500.0,Y
2026-02-12,thursday,Tricep ,Tricep Extension rope,2,,12.0,37.0,0.0,,7500.0,Y
2026-02-12,thursday,Tricep ,Tricep Extension rope,3,,10.0,37.0,0.0,,7500.0,Y
2026-02-12,thursday,Tricep ,Tricep Extension rope,4,,,37.0,0.0,,7500.0,Y
2026-02-12,thursday,Tricep ,Tricep Extension rope,1,,15.0,37.0,0.0,,7500.0,Y
2026-02-12,thursday,Tricep ,Tricep Extension rope,2,,12.0,37.0,0.0,,7500.0,Y
2026-02-12,thursday,Tricep ,Tricep Extension rope,3,,10.0,37.0,0.0,,7500.0,Y
2026-02-12,thursday,Tricep ,Tricep Extension rope,4,,,37.0,0.0,,7500.0,Y
2026-02-12,thursday,Chest,Cable Fly lower chest ,1,,15.0,37.0,0.0,,7500.0,Y
2026-02-12,thursday,Chest,Cable Fly lower chest ,2,,12.0,37.0,0.0,,7500.0,Y
2026-02-12,thursday,Chest,Cable Fly lower chest ,3,,5.0,37.0,0.0,,7500.0,Y
2026-02-12,thursday,Chest,Cable Fly lower chest ,4,,5.0,37.0,0.0,,7500.0,Y
2026-02-12,thursday,Chest,Cable Fly lower chest ,1,,15.0,37.0,0.0,,7500.0,Y
2026-02-12,thursday,Chest,Cable Fly lower chest ,2,,12.0,37.0,0.0,,7500.0,Y
2026-02-12,thursday,Chest,Cable Fly lower chest ,3,,5.0,37.0,0.0,,7500.0,Y
2026-02-12,thursday,Chest,Cable Fly lower chest ,4,,5.0,37.0,0.0,,7500.0,Y
2026-02-12,thursday,Chest,Cable Fly lower chest ,1,,15.0,37.0,0.0,,7500.0,Y
2026-02-12,thursday,Chest,Cable Fly lower chest ,2,,12.0,37.0,0.0,,7500.0,Y
2026-02-12,thursday,Chest,Cable Fly lower chest ,3,,5.0,37.0,0.0,,7500.0,Y
2026-02-12,thursday,Chest,Cable Fly lower chest ,4,,5.0,37.0,0.0,,7500.0,Y
2026-02-12,thursday,Chest,Cable Fly lower chest ,1,,15.0,37.0,0.0,,7500.0,Y
2026-02-12,thursday,Chest,Cable Fly lower chest ,2,,12.0,37.0,0.0,,7500.0,Y
2026-02-12,thursday,Chest,Cable Fly lower chest ,3,,5.0,37.0,0.0,,7500.0,Y
2026-02-12,thursday,Chest,Cable Fly lower chest ,4,,5.0,37.0,0.0,,7500.0,Y
2026-02-12,thursday,Shoulder ,Shoulder Raises,1,,12.0,30.0,0.0,,7500.0,Y
2026-02-12,thursday,Shoulder ,Shoulder Raises,2,,10.0,30.0,0.0,,7500.0,Y
2026-02-12,thursday,Shoulder ,Shoulder Raises,3,,8.0,30.0,0.0,,7500.0,Y
2026-02-12,thursday,Shoulder ,Shoulder Raises,4,,,30.0,0.0,,7500.0,Y
2026-02-12,thursday,Shoulder ,Shoulder Raises,1,,12.0,30.0,0.0,,7500.0,Y
2026-02-12,thursday,Shoulder ,Shoulder Raises,2,,10.0,30.0,0.0,,7500.0,Y
2026-02-12,thursday,Shoulder ,Shoulder Raises,3,,8.0,30.0,0.0,,7500.0,Y
2026-02-12,thursday,Shoulder ,Shoulder Raises,4,,,30.0,0.0,,7500.0,Y
2026-02-12,thursday,Shoulder ,Shoulder Raises,1,,12.0,30.0,0.0,,7500.0,Y
2026-02-12,thursday,Shoulder ,Shoulder Raises,2,,10.0,30.0,0.0,,7500.0,Y
2026-02-12,thursday,Shoulder ,Shoulder Raises,3,,8.0,30.0,0.0,,7500.0,Y
2026-02-12,thursday,Shoulder ,Shoulder Raises,4,,,30.0,0.0,,7500.0,Y
2026-02-12,thursday,Shoulder ,Shoulder Raises,1,,12.0,30.0,0.0,,7500.0,Y
2026-02-12,thursday,Shoulder ,Shoulder Raises,2,,10.0,30.0,0.0,,7500.0,Y
2026-02-12,thursday,Shoulder ,Shoulder Raises,3,,8.0,30.0,0.0,,7500.0,Y
2026-02-12,thursday,Shoulder ,Shoulder Raises,4,,,30.0,0.0,,7500.0,Y
2026-02-12,thursday,Shoulder ,Face Pull,1,,10.0,30.0,0.0,,7500.0,Y
2026-02-12,thursday,Shoulder ,Face Pull,2,,10.0,30.0,0.0,,7500.0,Y
2026-02-12,thursday,Shoulder ,Face Pull,3,,10.0,30.0,0.0,,7500.0,Y
2026-02-12,thursday,Shoulder ,Face Pull,4,,,30.0,0.0,,7500.0,Y
2026-02-12,thursday,Shoulder ,Face Pull,1,,10.0,30.0,0.0,,7500.0,Y
2026-02-12,thursday,Shoulder ,Face Pull,2,,10.0,30.0,0.0,,7500.0,Y
2026-02-12,thursday,Shoulder ,Face Pull,3,,10.0,30.0,0.0,,7500.0,Y
2026-02-12,thursday,Shoulder ,Face Pull,4,,,30.0,0.0,,7500.0,Y
2026-02-12,thursday,Shoulder ,Face Pull,1,,10.0,30.0,0.0,,7500.0,Y
2026-02-12,thursday,Shoulder ,Face Pull,2,,10.0,30.0,0.0,,7500.0,Y
2026-02-12,thursday,Shoulder ,Face Pull,3,,10.0,30.0,0.0,,7500.0,Y
2026-02-12,thursday,Shoulder ,Face Pull,4,,,30.0,0.0,,7500.0,Y
2026-02-12,thursday,Shoulder ,Face Pull,1,,10.0,30.0,0.0,,7500.0,Y
2026-02-12,thursday,Shoulder ,Face Pull,2,,10.0,30.0,0.0,,7500.0,Y
2026-02-12,thursday,Shoulder ,Face Pull,3,,10.0,30.0,0.0,,7500.0,Y
2026-02-12,thursday,Shoulder ,Face Pull,4,,,30.0,0.0,,7500.0,Y
2026-02-12,thursday,Triceps ,Extension Machine ,1,,20.0,42.0,0.0,,7500.0,Y
2026-02-12,thursday,Triceps ,Extension Machine ,2,,12.0,42.0,0.0,,7500.0,Y
2026-02-12,thursday,Triceps ,Extension Machine ,3,,10.0,42.0,0.0,,7500.0,Y
2026-02-12,thursday,Triceps ,Extension Machine ,4,,,42.0,0.0,,7500.0,Y
2026-02-12,thursday,Triceps ,Extension Machine ,1,,20.0,42.0,0.0,,7500.0,Y
2026-02-12,thursday,Triceps ,Extension Machine ,2,,12.0,42.0,0.0,,7500.0,Y
2026-02-12,thursday,Triceps ,Extension Machine ,3,,10.0,42.0,0.0,,7500.0,Y
2026-02-12,thursday,Triceps ,Extension Machine ,4,,,42.0,0.0,,7500.0,Y
2026-02-12,thursday,Triceps ,Extension Machine ,1,,20.0,42.0,0.0,,7500.0,Y
2026-02-12,thursday,Triceps ,Extension Machine ,2,,12.0,42.0,0.0,,7500.0,Y
2026-02-12,thursday,Triceps ,Extension Machine ,3,,10.0,42.0,0.0,,7500.0,Y
2026-02-12,thursday,Triceps ,Extension Machine ,4,,,42.0,0.0,,7500.0,Y
2026-02-12,thursday,Triceps ,Extension Machine ,1,,20.0,42.0,0.0,,7500.0,Y
2026-02-12,thursday,Triceps ,Extension Machine ,2,,12.0,42.0,0.0,,7500.0,Y
2026-02-12,thursday,Triceps ,Extension Machine ,3,,10.0,42.0,0.0,,7500.0,Y
2026-02-12,thursday,Triceps ,Extension Machine ,4,,,42.0,0.0,,7500.0,Y
2026-02-12,thursday,Chest,Cable extension Upper chest,1,,10.0,28.0,0.0,,7500.0,Y
2026-02-12,thursday,Chest,Cable extension Upper chest,2,,10.0,28.0,0.0,,7500.0,Y
2026-02-12,thursday,Chest,Cable extension Upper chest,3,,8.0,28.0,0.0,,7500.0,Y
2026-02-12,thursday,Chest,Cable extension Upper chest,4,,,28.0,0.0,,7500.0,Y
2026-02-12,thursday,Chest,Cable extension Upper chest,1,,10.0,28.0,0.0,,7500.0,Y
2026-02-12,thursday,Chest,Cable extension Upper chest,2,,10.0,28.0,0.0,,7500.0,Y
2026-02-12,thursday,Chest,Cable extension Upper chest,3,,8.0,28.0,0.0,,7500.0,Y
2026-02-12,thursday,Chest,Cable extension Upper chest,4,,,28.0,0.0,,7500.0,Y
2026-02-12,thursday,Chest,Cable extension Upper chest,1,,10.0,28.0,0.0,,7500.0,Y
2026-02-12,thursday,Chest,Cable extension Upper chest,2,,10.0,28.0,0.0,,7500.0,Y
2026-02-12,thursday,Chest,Cable extension Upper chest,3,,8.0,28.0,0.0,,7500.0,Y
2026-02-12,thursday,Chest,Cable extension Upper chest,4,,,28.0,0.0,,7500.0,Y
2026-02-12,thursday,Chest,Cable extension Upper chest,1,,10.0,28.0,0.0,,7500.0,Y
2026-02-12,thursday,Chest,Cable extension Upper chest,2,,10.0,28.0,0.0,,7500.0,Y
2026-02-12,thursday,Chest,Cable extension Upper chest,3,,8.0,28.0,0.0,,7500.0,Y
2026-02-12,thursday,Chest,Cable extension Upper chest,4,,,28.0,0.0,,7500.0,Y
2026-02-12,thursday,Chest ,Chest Press,1,,10.0,31.0,0.0,,7500.0,Y
2026-02-12,thursday,Chest ,Chest Press,2,,10.0,31.0,0.0,,7500.0,Y
2026-02-12,thursday,Chest ,Chest Press,3,,11.0,31.0,0.0,,7500.0,Y
2026-02-12,thursday,Chest ,Chest Press,4,,,31.0,0.0,,7500.0,Y
2026-02-12,thursday,Chest ,Chest Press,1,,10.0,31.0,0.0,,7500.0,Y
2026-02-12,thursday,Chest ,Chest Press,2,,10.0,31.0,0.0,,7500.0,Y
2026-02-12,thursday,Chest ,Chest Press,3,,11.0,31.0,0.0,,7500.0,Y
2026-02-12,thursday,Chest ,Chest Press,4,,,31.0,0.0,,7500.0,Y
2026-02-12,thursday,Chest ,Chest Press,1,,10.0,31.0,0.0,,7500.0,Y
2026-02-12,thursday,Chest ,Chest Press,2,,10.0,31.0,0.0,,7500.0,Y
2026-02-12,thursday,Chest ,Chest Press,3,,11.0,31.0,0.0,,7500.0,Y
2026-02-12,thursday,Chest ,Chest Press,4,,,31.0,0.0,,7500.0,Y
2026-02-12,thursday,Chest ,Chest Press,1,,10.0,31.0,0.0,,7500.0,Y
2026-02-12,thursday,Chest ,Chest Press,2,,10.0,31.0,0.0,,7500.0,Y
2026-02-12,thursday,Chest ,Chest Press,3,,11.0,31.0,0.0,,7500.0,Y
2026-02-12,thursday,Chest ,Chest Press,4,,,31.0,0.0,,7500.0,Y
2026-02-17,tuesday ,Chest,Bench Press ,1,15.0,15.0,45.0,787.5,81.2,7500.0,Y
2026-02-17,tuesday ,Chest,Bench Press ,2,20.0,10.0,45.0,787.5,81.2,7500.0,Y
2026-02-17,tuesday ,Chest,Bench Press ,3,27.5,5.0,45.0,787.5,81.2,7500.0,Y
2026-02-17,tuesday ,Chest,Bench Press ,4,15.0,15.0,45.0,787.5,81.2,7500.0,Y
2026-02-17,tuesday ,Chest,Bench Press ,1,15.0,15.0,45.0,787.5,81.2,7500.0,Y
2026-02-17,tuesday ,Chest,Bench Press ,2,20.0,10.0,45.0,787.5,81.2,7500.0,Y
2026-02-17,tuesday ,Chest,Bench Press ,3,27.5,5.0,45.0,787.5,81.2,7500.0,Y
2026-02-17,tuesday ,Chest,Bench Press ,4,15.0,15.0,45.0,787.5,81.2,7500.0,Y
2026-02-17,tuesday ,Chest,Bench Press ,1,15.0,15.0,45.0,787.5,81.2,7500.0,Y
2026-02-17,tuesday ,Chest,Bench Press ,2,20.0,10.0,45.0,787.5,81.2,7500.0,Y
2026-02-17,tuesday ,Chest,Bench Press ,3,27.5,5.0,45.0,787.5,81.2,7500.0,Y
2026-02-17,tuesday ,Chest,Bench Press ,4,15.0,15.0,45.0,787.5,81.2,7500.0,Y
2026-02-17,tuesday ,Chest,Bench Press ,1,15.0,15.0,45.0,787.5,81.2,7500.0,Y
2026-02-17,tuesday ,Chest,Bench Press ,2,20.0,10.0,45.0,787.5,81.2,7500.0,Y
2026-02-17,tuesday ,Chest,Bench Press ,3,27.5,5.0,45.0,787.5,81.2,7500.0,Y
2026-02-17,tuesday ,Chest,Bench Press ,4,15.0,15.0,45.0,787.5,81.2,7500.0,Y
2026-02-17,tuesday ,Chest ,Inclined Bench Press ,1,15.0,15.0,37.0,665.0,81.2,7500.0,Y
2026-02-17,tuesday ,Chest ,Inclined Bench Press ,2,20.0,8.0,37.0,665.0,81.2,7500.0,Y
2026-02-17,tuesday ,Chest ,Inclined Bench Press ,3,20.0,9.0,37.0,665.0,81.2,7500.0,Y
2026-02-17,tuesday ,Chest ,Inclined Bench Press ,4,20.0,5.0,37.0,665.0,81.2,7500.0,Y
2026-02-17,tuesday ,Chest ,Inclined Bench Press ,1,15.0,15.0,37.0,665.0,81.2,7500.0,Y
2026-02-17,tuesday ,Chest ,Inclined Bench Press ,2,20.0,8.0,37.0,665.0,81.2,7500.0,Y
2026-02-17,tuesday ,Chest ,Inclined Bench Press ,3,20.0,9.0,37.0,665.0,81.2,7500.0,Y
2026-02-17,tuesday ,Chest ,Inclined Bench Press ,4,20.0,5.0,37.0,665.0,81.2,7500.0,Y
2026-02-17,tuesday ,Chest ,Inclined Bench Press ,1,15.0,15.0,37.0,665.0,81.2,7500.0,Y
2026-02-17,tuesday ,Chest ,Inclined Bench Press ,2,20.0,8.0,37.0,665.0,81.2,7500.0,Y
2026-02-17,tuesday ,Chest ,Inclined Bench Press ,3,20.0,9.0,37.0,665.0,81.2,7500.0,Y
2026-02-17,tuesday ,Chest ,Inclined Bench Press ,4,20.0,5.0,37.0,665.0,81.2,7500.0,Y
2026-02-17,tuesday ,Chest ,Inclined Bench Press ,1,15.0,15.0,37.0,665.0,81.2,7500.0,Y
2026-02-17,tuesday ,Chest ,Inclined Bench Press ,2,20.0,8.0,37.0,665.0,81.2,7500.0,Y
2026-02-17,tuesday ,Chest ,Inclined Bench Press ,3,20.0,9.0,37.0,665.0,81.2,7500.0,Y
2026-02-17,tuesday ,Chest ,Inclined Bench Press ,4,20.0,5.0,37.0,665.0,81.2,7500.0,Y
2026-02-17,tuesday ,Chest ,Cable Fly lower ,1,4.5,22.0,53.0,359.8,81.2,7500.0,Y
2026-02-17,tuesday ,Chest ,Cable Fly lower ,2,6.8,15.0,53.0,359.8,81.2,7500.0,Y
2026-02-17,tuesday ,Chest ,Cable Fly lower ,3,9.1,10.0,53.0,359.8,81.2,7500.0,Y
2026-02-17,tuesday ,Chest ,Cable Fly lower ,4,11.3,6.0,53.0,359.8,81.2,7500.0,Y
2026-02-17,tuesday ,Chest ,Cable Fly lower ,1,4.5,22.0,53.0,359.8,81.2,7500.0,Y
2026-02-17,tuesday ,Chest ,Cable Fly lower ,2,6.8,15.0,53.0,359.8,81.2,7500.0,Y
2026-02-17,tuesday ,Chest ,Cable Fly lower ,3,9.1,10.0,53.0,359.8,81.2,7500.0,Y
2026-02-17,tuesday ,Chest ,Cable Fly lower ,4,11.3,6.0,53.0,359.8,81.2,7500.0,Y
2026-02-17,tuesday ,Chest ,Cable Fly lower ,1,4.5,22.0,53.0,359.8,81.2,7500.0,Y
2026-02-17,tuesday ,Chest ,Cable Fly lower ,2,6.8,15.0,53.0,359.8,81.2,7500.0,Y
2026-02-17,tuesday ,Chest ,Cable Fly lower ,3,9.1,10.0,53.0,359.8,81.2,7500.0,Y
2026-02-17,tuesday ,Chest ,Cable Fly lower ,4,11.3,6.0,53.0,359.8,81.2,7500.0,Y
2026-02-17,tuesday ,Chest ,Cable Fly lower ,1,4.5,22.0,53.0,359.8,81.2,7500.0,Y
2026-02-17,tuesday ,Chest ,Cable Fly lower ,2,6.8,15.0,53.0,359.8,81.2,7500.0,Y
2026-02-17,tuesday ,Chest ,Cable Fly lower ,3,9.1,10.0,53.0,359.8,81.2,7500.0,Y
2026-02-17,tuesday ,Chest ,Cable Fly lower ,4,11.3,6.0,53.0,359.8,81.2,7500.0,Y
2026-02-17,tuesday ,Chest ,Cable Fly Upper ,1,4.5,12.0,30.0,176.4,81.2,7500.0,Y
2026-02-17,tuesday ,Chest ,Cable Fly Upper ,2,6.8,8.0,30.0,176.4,81.2,7500.0,Y
2026-02-17,tuesday ,Chest ,Cable Fly Upper ,3,6.8,10.0,30.0,176.4,81.2,7500.0,Y
2026-02-17,tuesday ,Chest ,Cable Fly Upper ,4,,,30.0,176.4,81.2,7500.0,Y
2026-02-17,tuesday ,Chest ,Cable Fly Upper ,1,4.5,12.0,30.0,176.4,81.2,7500.0,Y
2026-02-17,tuesday ,Chest ,Cable Fly Upper ,2,6.8,8.0,30.0,176.4,81.2,7500.0,Y
2026-02-17,tuesday ,Chest ,Cable Fly Upper ,3,6.8,10.0,30.0,176.4,81.2,7500.0,Y
2026-02-17,tuesday ,Chest ,Cable Fly Upper ,4,,,30.0,176.4,81.2,7500.0,Y
2026-02-17,tuesday ,Chest ,Cable Fly Upper ,1,4.5,12.0,30.0,176.4,81.2,7500.0,Y
2026-02-17,tuesday ,Chest ,Cable Fly Upper ,2,6.8,8.0,30.0,176.4,81.2,7500.0,Y
2026-02-17,tuesday ,Chest ,Cable Fly Upper ,3,6.8,10.0,30.0,176.4,81.2,7500.0,Y
2026-02-17,tuesday ,Chest ,Cable Fly Upper ,4,,,30.0,176.4,81.2,7500.0,Y
2026-02-17,tuesday ,Chest ,Cable Fly Upper ,1,4.5,12.0,30.0,176.4,81.2,7500.0,Y
2026-02-17,tuesday ,Chest ,Cable Fly Upper ,2,6.8,8.0,30.0,176.4,81.2,7500.0,Y
2026-02-17,tuesday ,Chest ,Cable Fly Upper ,3,6.8,10.0,30.0,176.4,81.2,7500.0,Y
2026-02-17,tuesday ,Chest ,Cable Fly Upper ,4,,,30.0,176.4,81.2,7500.0,Y
2026-02-17,tuesday ,Chest,Fly,1,25.0,15.0,43.0,1419.0,81.2,7500.0,Y
2026-02-17,tuesday ,Chest,Fly,2,32.0,12.0,43.0,1419.0,81.2,7500.0,Y
2026-02-17,tuesday ,Chest,Fly,3,39.0,10.0,43.0,1419.0,81.2,7500.0,Y
2026-02-17,tuesday ,Chest,Fly,4,45.0,6.0,43.0,1419.0,81.2,7500.0,Y
2026-02-17,tuesday ,Chest,Fly,1,25.0,15.0,43.0,1419.0,81.2,7500.0,Y
2026-02-17,tuesday ,Chest,Fly,2,32.0,12.0,43.0,1419.0,81.2,7500.0,Y
2026-02-17,tuesday ,Chest,Fly,3,39.0,10.0,43.0,1419.0,81.2,7500.0,Y
2026-02-17,tuesday ,Chest,Fly,4,45.0,6.0,43.0,1419.0,81.2,7500.0,Y
2026-02-17,tuesday ,Chest,Fly,1,25.0,15.0,43.0,1419.0,81.2,7500.0,Y
2026-02-17,tuesday ,Chest,Fly,2,32.0,12.0,43.0,1419.0,81.2,7500.0,Y
2026-02-17,tuesday ,Chest,Fly,3,39.0,10.0,43.0,1419.0,81.2,7500.0,Y
2026-02-17,tuesday ,Chest,Fly,4,45.0,6.0,43.0,1419.0,81.2,7500.0,Y
2026-02-17,tuesday ,Chest,Fly,1,25.0,15.0,43.0,1419.0,81.2,7500.0,Y
2026-02-17,tuesday ,Chest,Fly,2,32.0,12.0,43.0,1419.0,81.2,7500.0,Y
2026-02-17,tuesday ,Chest,Fly,3,39.0,10.0,43.0,1419.0,81.2,7500.0,Y
2026-02-17,tuesday ,Chest,Fly,4,45.0,6.0,43.0,1419.0,81.2,7500.0,Y
2026-02-17,tuesday ,Chest ,Chest Press,1,18.0,15.0,40.0,1265.0,81.2,7500.0,Y
2026-02-17,tuesday ,Chest ,Chest Press,2,23.0,15.0,40.0,1265.0,81.2,7500.0,Y
2026-02-17,tuesday ,Chest ,Chest Press,3,65.0,10.0,40.0,1265.0,81.2,7500.0,Y
2026-02-17,tuesday ,Chest ,Chest Press,4,,,40.0,1265.0,81.2,7500.0,Y
2026-02-17,tuesday ,Chest ,Chest Press,1,18.0,15.0,40.0,1265.0,81.2,7500.0,Y
2026-02-17,tuesday ,Chest ,Chest Press,2,23.0,15.0,40.0,1265.0,81.2,7500.0,Y
2026-02-17,tuesday ,Chest ,Chest Press,3,65.0,10.0,40.0,1265.0,81.2,7500.0,Y
2026-02-17,tuesday ,Chest ,Chest Press,4,,,40.0,1265.0,81.2,7500.0,Y
2026-02-17,tuesday ,Chest ,Chest Press,1,18.0,15.0,40.0,1265.0,81.2,7500.0,Y
2026-02-17,tuesday ,Chest ,Chest Press,2,23.0,15.0,40.0,1265.0,81.2,7500.0,Y
2026-02-17,tuesday ,Chest ,Chest Press,3,65.0,10.0,40.0,1265.0,81.2,7500.0,Y
2026-02-17,tuesday ,Chest ,Chest Press,4,,,40.0,1265.0,81.2,7500.0,Y
2026-02-17,tuesday ,Chest ,Chest Press,1,18.0,15.0,40.0,1265.0,81.2,7500.0,Y
2026-02-17,tuesday ,Chest ,Chest Press,2,23.0,15.0,40.0,1265.0,81.2,7500.0,Y
2026-02-17,tuesday ,Chest ,Chest Press,3,65.0,10.0,40.0,1265.0,81.2,7500.0,Y
2026-02-17,tuesday ,Chest ,Chest Press,4,,,40.0,1265.0,81.2,7500.0,Y
,,Back,Pullups ,1,,5.0,19.0,0.0,,7500.0,
,,Back,Pullups ,2,,4.0,19.0,0.0,,7500.0,
,,Back,Pullups ,3,,6.0,19.0,0.0,,7500.0,
,,Back,Pullups ,4,,4.0,19.0,0.0,,7500.0,
,,Back,Pullups ,1,,5.0,19.0,0.0,,7500.0,
,,Back,Pullups ,2,,4.0,19.0,0.0,,7500.0,
,,Back,Pullups ,3,,6.0,19.0,0.0,,7500.0,
,,Back,Pullups ,4,,4.0,19.0,0.0,,7500.0,
,,Back,Pullups ,1,,5.0,19.0,0.0,,7500.0,
,,Back,Pullups ,2,,4.0,19.0,0.0,,7500.0,
,,Back,Pullups ,3,,6.0,19.0,0.0,,7500.0,
,,Back,Pullups ,4,,4.0,19.0,0.0,,7500.0,
,,Back,Pullups ,1,,5.0,19.0,0.0,,7500.0,
,,Back,Pullups ,2,,4.0,19.0,0.0,,7500.0,
,,Back,Pullups ,3,,6.0,19.0,0.0,,7500.0,
,,Back,Pullups ,4,,4.0,19.0,0.0,,7500.0,
,,Back,Lat Pulldown ,1,,15.0,60.0,0.0,,7500.0,
,,Back,Lat Pulldown ,2,,15.0,60.0,0.0,,7500.0,
,,Back,Lat Pulldown ,3,,15.0,60.0,0.0,,7500.0,
,,Back,Lat Pulldown ,4,,15.0,60.0,0.0,,7500.0,
,,Back,Lat Pulldown ,1,,15.0,60.0,0.0,,7500.0,
,,Back,Lat Pulldown ,2,,15.0,60.0,0.0,,7500.0,
,,Back,Lat Pulldown ,3,,15.0,60.0,0.0,,7500.0,
,,Back,Lat Pulldown ,4,,15.0,60.0,0.0,,7500.0,
,,Back,Lat Pulldown ,1,,15.0,60.0,0.0,,7500.0,
,,Back,Lat Pulldown ,2,,15.0,60.0,0.0,,7500.0,
,,Back,Lat Pulldown ,3,,15.0,60.0,0.0,,7500.0,
,,Back,Lat Pulldown ,4,,15.0,60.0,0.0,,7500.0,
,,Back,Lat Pulldown ,1,,15.0,60.0,0.0,,7500.0,
,,Back,Lat Pulldown ,2,,15.0,60.0,0.0,,7500.0,
,,Back,Lat Pulldown ,3,,15.0,60.0,0.0,,7500.0,
,,Back,Lat Pulldown ,4,,15.0,60.0,0.0,,7500.0,
,,Back,rowing ,1,,15.0,53.0,0.0,,7500.0,
,,Back,rowing ,2,,15.0,53.0,0.0,,7500.0,
,,Back,rowing ,3,,15.0,53.0,0.0,,7500.0,
,,Back,rowing ,4,,8.0,53.0,0.0,,7500.0,
,,Back,rowing ,1,,15.0,53.0,0.0,,7500.0,
,,Back,rowing ,2,,15.0,53.0,0.0,,7500.0,
,,Back,rowing ,3,,15.0,53.0,0.0,,7500.0,
,,Back,rowing ,4,,8.0,53.0,0.0,,7500.0,
,,Back,rowing ,1,,15.0,53.0,0.0,,7500.0,
,,Back,rowing ,2,,15.0,53.0,0.0,,7500.0,
,,Back,rowing ,3,,15.0,53.0,0.0,,7500.0,
,,Back,rowing ,4,,8.0,53.0,0.0,,7500.0,
,,Back,rowing ,1,,15.0,53.0,0.0,,7500.0,
,,Back,rowing ,2,,15.0,53.0,0.0,,7500.0,
,,Back,rowing ,3,,15.0,53.0,0.0,,7500.0,
,,Back,rowing ,4,,8.0,53.0,0.0,,7500.0,
,,Back,LatPullDowns Close grip ,1,,15.0,25.0,0.0,,7500.0,
,,Back,LatPullDowns Close grip ,2,,10.0,25.0,0.0,,7500.0,
,,Back,LatPullDowns Close grip ,3,,,25.0,0.0,,7500.0,
,,Back,LatPullDowns Close grip ,4,,,25.0,0.0,,7500.0,
,,Back,LatPullDowns Close grip ,1,,15.0,25.0,0.0,,7500.0,
,,Back,LatPullDowns Close grip ,2,,10.0,25.0,0.0,,7500.0,
,,Back,LatPullDowns Close grip ,3,,,25.0,0.0,,7500.0,
,,Back,LatPullDowns Close grip ,4,,,25.0,0.0,,7500.0,
,,Back,LatPullDowns Close grip ,1,,15.0,25.0,0.0,,7500.0,
,,Back,LatPullDowns Close grip ,2,,10.0,25.0,0.0,,7500.0,
,,Back,LatPullDowns Close grip ,3,,,25.0,0.0,,7500.0,
,,Back,LatPullDowns Close grip ,4,,,25.0,0.0,,7500.0,
,,Back,LatPullDowns Close grip ,1,,15.0,25.0,0.0,,7500.0,
,,Back,LatPullDowns Close grip ,2,,10.0,25.0,0.0,,7500.0,
,,Back,LatPullDowns Close grip ,3,,,25.0,0.0,,7500.0,
,,Back,LatPullDowns Close grip ,4,,,25.0,0.0,,7500.0,
